regime,seed,k,mean,variance,mean_error,replay,eta,inner_steps,loss,clip_fraction,stop_reason
affine_oracle,0,0,1.05,0.02,0.050000000000000044,,,0,nan,nan,
affine_oracle,0,1,0.8490395924337293,0.020512183674900722,-0.15096040756627072,,,0,nan,nan,
affine_oracle,0,2,1.4370592919040677,0.0200676507887183,0.43705929190406767,,,0,nan,nan,
affine_oracle,0,3,-0.3122202383957789,0.02045139513097111,-1.3122202383957788,,,0,nan,nan,
affine_oracle,0,4,4.817923374731338,0.02011856874049912,3.817923374731338,,,0,nan,nan,
affine_oracle,0,5,-10.414878644858293,0.020406069914417353,-11.414878644858293,,,0,nan,nan,
affine_oracle,0,6,34.33443054103788,0.02015684788019792,33.33443054103788,,,0,nan,nan,
affine_oracle,0,7,-98.35037980634708,0.02037223456193341,-99.35037980634708,,,0,nan,nan,
affine_oracle,0,8,291.92995781552054,0.02018559969931348,290.92995781552054,,,0,nan,nan,mean_error>100
learned_affine,0,0,1.05,0.02,0.050000000000000044,off,,0,nan,nan,
learned_affine,0,1,0.8393767476081848,0.03013014793395996,-0.16062325239181519,off,,5000,0.4115220606327057,0.0,
learned_affine,0,2,1.4000312089920044,0.024291211739182472,0.4000312089920044,off,,100,14.489837646484375,0.0,
learned_affine,0,3,0.3227001130580902,0.015756070613861084,-0.6772998869419098,off,,100,180.56748962402344,0.0,
learned_affine,0,4,1.7296236753463745,0.017111267894506454,0.7296236753463745,off,,100,250.6922607421875,0.0,
learned_affine,0,5,-1.2726367712020874,0.02994854748249054,-2.2726367712020874,off,,100,506.4119567871094,0.0,
learned_affine,0,6,0.8065222501754761,0.014249980449676514,-0.19347774982452393,off,,100,4885.5537109375,0.0,
learned_affine,0,7,1.4468555450439453,0.03372548893094063,0.4468555450439453,off,,100,40.984169006347656,0.0,
learned_affine,0,8,0.25338494777679443,0.029946347698569298,-0.7466150522232056,off,,100,210.71604919433594,0.0,
learned_affine,0,9,1.6728426218032837,0.025412200018763542,0.6728426218032837,off,,100,458.2018737792969,0.0,
learned_affine,0,10,0.26686304807662964,0.02363821119070053,-0.7331369519233704,off,,100,570.087158203125,0.0,
learned_affine,0,11,1.4474067687988281,0.019470199942588806,0.4474067687988281,off,,100,423.8880615234375,0.0,
learned_affine,0,12,0.44429677724838257,0.020575957372784615,-0.5557032227516174,off,,100,320.26171875,0.0,
learned_affine,0,13,1.49989914894104,0.019190073013305664,0.49989914894104004,off,,100,229.47157287597656,0.0,
learned_affine,0,14,0.5557068586349487,0.02026125229895115,-0.44429314136505127,off,,100,393.900390625,0.0,
learned_affine,0,15,1.5642486810684204,0.02035730704665184,0.5642486810684204,off,,100,137.02914428710938,0.0,
learned_affine,0,16,0.6342931389808655,0.020358508452773094,-0.3657068610191345,off,,100,485.6969299316406,0.0,
learned_affine,0,17,1.637429118156433,0.022269658744335175,0.6374291181564331,off,,100,90.80784606933594,0.0,
learned_affine,0,18,0.6488786935806274,0.02342267893254757,-0.35112130641937256,off,,100,548.5526733398438,0.0,
learned_affine,0,19,1.57181715965271,0.022588111460208893,0.57181715965271,off,,100,92.39845275878906,0.0,
learned_affine,0,20,0.6308432817459106,0.02332463301718235,-0.36915671825408936,off,,100,452.84619140625,0.0,
learned_affine,0,21,1.5575404167175293,0.022659527137875557,0.5575404167175293,off,,100,99.85157012939453,0.0,
learned_affine,0,22,0.6311518549919128,0.023458391427993774,-0.36884814500808716,off,,100,440.70452880859375,0.0,
learned_affine,0,23,1.559853434562683,0.02186635509133339,0.5598534345626831,off,,100,98.15824127197266,0.0,
learned_affine,0,24,0.6427518725395203,0.02326013334095478,-0.35724812746047974,off,,100,448.4571838378906,0.0,
learned_affine,0,25,1.576308250427246,0.021812042221426964,0.5763082504272461,off,,100,90.7665786743164,0.0,
learned_affine,0,26,0.6488719582557678,0.023105574771761894,-0.3511280417442322,off,,100,472.3151550292969,0.0,
learned_affine,0,27,1.5762102603912354,0.021912960335612297,0.5762102603912354,off,,100,85.37228393554688,0.0,
learned_affine,0,28,0.6479034423828125,0.023096464574337006,-0.3520965576171875,off,,100,469.109130859375,0.0,
learned_affine,0,29,1.5669597387313843,0.021662332117557526,0.5669597387313843,off,,100,84.75462341308594,0.0,
learned_affine,0,30,0.6693313717842102,0.023326201364398003,-0.3306686282157898,off,,100,461.9684143066406,0.0,
learned_affine,0,31,1.5891590118408203,0.0214508306235075,0.5891590118408203,off,,100,73.03304290771484,0.0,
learned_affine,0,32,0.6993860602378845,0.023554833605885506,-0.3006139397621155,off,,100,491.2452087402344,0.0,
learned_affine,0,33,1.604886531829834,0.022310253232717514,0.604886531829834,off,,100,60.79787826538086,0.0,
learned_affine,0,34,0.6623506546020508,0.026065846905112267,-0.3376493453979492,off,,100,489.7437438964844,0.0,
learned_affine,0,35,1.5292350053787231,0.02215079590678215,0.5292350053787231,off,,100,80.05271911621094,0.0,
learned_affine,0,36,0.664282500743866,0.02441222406923771,-0.33571749925613403,off,,100,395.75616455078125,0.0,
learned_affine,0,37,1.5188449621200562,0.02150789275765419,0.5188449621200562,off,,100,78.4649429321289,0.0,
learned_affine,0,38,0.6868298053741455,0.024430841207504272,-0.3131701946258545,off,,100,395.3524169921875,0.0,
learned_affine,0,39,1.5255805253982544,0.020934762433171272,0.5255805253982544,off,,100,67.57035827636719,0.0,
learned_affine,0,40,0.710015058517456,0.024401528760790825,-0.28998494148254395,off,,100,399.91326904296875,0.0,
learned_affine,0,41,1.5389482975006104,0.02185863070189953,0.5389482975006104,off,,100,55.731101989746094,0.0,
learned_affine,0,42,0.736666738986969,0.025516614317893982,-0.263333261013031,off,,100,408.1083984375,0.0,
learned_affine,0,43,1.5221654176712036,0.02233985997736454,0.5221654176712036,off,,100,46.9658203125,0.0,
learned_affine,0,44,0.7277741432189941,0.027440393343567848,-0.27222585678100586,off,,100,383.9086608886719,0.0,
learned_affine,0,45,1.4907076358795166,0.023006493225693703,0.4907076358795166,off,,100,50.9045295715332,0.0,
learned_affine,0,46,0.7109610438346863,0.027508633211255074,-0.2890389561653137,off,,100,346.17401123046875,0.0,
learned_affine,0,47,1.469386100769043,0.02232302539050579,0.46938610076904297,off,,100,56.71129608154297,0.0,
learned_affine,0,48,0.7591373920440674,0.025899944826960564,-0.24086260795593262,off,,100,325.997314453125,0.0,
learned_affine,0,49,1.4537135362625122,0.022466443479061127,0.4537135362625122,off,,100,38.17494201660156,0.0,
learned_affine,0,50,0.7827811241149902,0.028148522600531578,-0.21721887588500977,off,,100,305.1398620605469,0.0,
learned_affine,0,51,1.4431705474853516,0.02363811619579792,0.44317054748535156,off,,100,31.245983123779297,0.0,
learned_affine,0,52,0.7437081933021545,0.030025286599993706,-0.25629180669784546,off,,100,287.3038330078125,0.0,
learned_affine,0,53,1.430158257484436,0.023120015859603882,0.43015825748443604,off,,100,44.86246871948242,0.0,
learned_affine,0,54,0.6900318264961243,0.02981853112578392,-0.30996817350387573,off,,100,274.3240661621094,0.0,
learned_affine,0,55,1.3716528415679932,0.02254902385175228,0.37165284156799316,off,,100,67.6055679321289,0.0,
learned_affine,0,56,0.5945158004760742,0.028462106361985207,-0.4054841995239258,off,,100,212.40597534179688,0.0,
learned_affine,0,57,1.317903995513916,0.021013278514146805,0.317903995513916,off,,100,121.85393524169922,0.0,
learned_affine,0,58,0.6030234098434448,0.026762958616018295,-0.3969765901565552,off,,100,172.42855834960938,0.0,
learned_affine,0,59,1.3131338357925415,0.02004241570830345,0.3131338357925415,off,,100,114.25965881347656,0.0,
learned_affine,0,60,0.7239088416099548,0.025338327512145042,-0.27609115839004517,off,,100,174.10531616210938,0.0,
learned_affine,0,61,1.3438438177108765,0.020929493010044098,0.34384381771087646,off,,100,48.75436019897461,0.0,
learned_affine,0,62,0.6996818780899048,0.02483459934592247,-0.3003181219100952,off,,100,195.57492065429688,0.0,
learned_affine,0,63,1.3431525230407715,0.020667072385549545,0.3431525230407715,off,,100,59.60832977294922,0.0,
learned_affine,0,64,0.7155829071998596,0.024810034781694412,-0.2844170928001404,off,,100,194.43052673339844,0.0,
learned_affine,0,65,1.486989974975586,0.020526591688394547,0.48698997497558594,off,,100,50.15150451660156,0.0,
learned_affine,0,66,0.6160980463027954,0.022684387862682343,-0.3839019536972046,off,,100,336.9111328125,0.0,
learned_affine,0,67,1.312610149383545,0.01810266077518463,0.3126101493835449,off,,100,102.48065948486328,0.0,
learned_affine,0,68,0.722926676273346,0.02231091633439064,-0.27707332372665405,off,,100,178.30979919433594,0.0,
learned_affine,0,69,1.5552148818969727,0.02116660214960575,0.5552148818969727,off,,100,44.78257751464844,0.0,
learned_affine,0,70,0.6919716000556946,0.020548909902572632,-0.3080283999443054,off,,100,434.48431396484375,0.0,
learned_affine,0,71,1.4023938179016113,0.01717442460358143,0.40239381790161133,off,,100,56.1756591796875,0.0,
learned_affine,0,72,0.7863847613334656,0.020414626225829124,-0.21361523866653442,off,,100,275.1698913574219,0.0,
learned_affine,0,73,1.657698392868042,0.027123846113681793,0.657698392868042,off,,100,21.838613510131836,0.0,
learned_affine,0,74,0.8452332019805908,0.0197577103972435,-0.15476679801940918,off,,100,597.8468017578125,0.0,
learned_affine,0,75,1.4971437454223633,0.027278680354356766,0.4971437454223633,off,,100,11.718769073486328,0.0,
learned_affine,0,76,0.8440161943435669,0.023501943796873093,-0.1559838056564331,off,,100,337.7283630371094,0.0,
learned_affine,0,77,1.4656484127044678,0.023750482127070427,0.4656484127044678,off,,100,14.43912124633789,0.0,
learned_affine,0,78,0.7120712995529175,0.029327847063541412,-0.2879287004470825,off,,100,276.8788146972656,0.0,
learned_affine,0,79,1.4614206552505493,0.019354507327079773,0.4614206552505493,off,,100,56.37284469604492,0.0,
learned_affine,0,80,0.7308838963508606,0.02582029066979885,-0.2691161036491394,off,,100,306.47503662109375,0.0,
learned_affine,0,81,1.4232171773910522,0.019484182819724083,0.42321717739105225,off,,100,48.442771911621094,0.0,
learned_affine,0,82,0.7631875872612,0.025942116975784302,-0.23681241273880005,off,,100,267.7259216308594,0.0,
learned_affine,0,83,1.415893316268921,0.019577722996473312,0.4158933162689209,off,,100,35.25479507446289,0.0,
learned_affine,0,84,0.7749770879745483,0.025006543844938278,-0.22502291202545166,off,,100,256.1460876464844,0.0,
learned_affine,0,85,1.4043705463409424,0.019517382606863976,0.4043705463409424,off,,100,32.14846420288086,0.0,
learned_affine,0,86,0.8052069544792175,0.02538115903735161,-0.19479304552078247,off,,100,244.74253845214844,0.0,
learned_affine,0,87,1.4258601665496826,0.020133428275585175,0.4258601665496826,off,,100,22.50403594970703,0.0,
learned_affine,0,88,0.7911511659622192,0.02650390937924385,-0.20884883403778076,off,,100,262.6053466796875,0.0,
learned_affine,0,89,1.4254807233810425,0.020338354632258415,0.4254807233810425,off,,100,26.142011642456055,0.0,
learned_affine,0,90,0.7782834768295288,0.027013013139367104,-0.2217165231704712,off,,100,262.3508605957031,0.0,
learned_affine,0,91,1.3990800380706787,0.02028822712600231,0.3990800380706787,off,,100,30.32779312133789,0.0,
learned_affine,0,92,0.7887013554573059,0.026400329545140266,-0.2112986445426941,off,,100,238.4739227294922,0.0,
learned_affine,0,93,1.3962684869766235,0.020306948572397232,0.39626848697662354,off,,100,27.420743942260742,0.0,
learned_affine,0,94,0.8272626996040344,0.02633589506149292,-0.17273730039596558,off,,100,239.0046844482422,0.0,
learned_affine,0,95,1.428124189376831,0.0219213105738163,0.42812418937683105,off,,100,16.817045211791992,0.0,
learned_affine,0,96,0.7649442553520203,0.02800855040550232,-0.23505574464797974,off,,100,257.48828125,0.0,
learned_affine,0,97,1.4306775331497192,0.019746528938412666,0.43067753314971924,off,,100,33.23036575317383,0.0,
learned_affine,0,98,0.7962954640388489,0.026890795677900314,-0.20370453596115112,off,,100,277.81689453125,0.0,
learned_affine,0,99,1.4013851881027222,0.020348839461803436,0.40138518810272217,off,,100,23.59981346130371,0.0,
learned_affine,0,100,0.8179004788398743,0.026771588250994682,-0.18209952116012573,off,,100,243.9472198486328,0.0,
learned_affine,1,0,1.05,0.02,0.050000000000000044,off,,0,nan,nan,
learned_affine,1,1,0.8459277153015137,0.030365247279405594,-0.15407228469848633,off,,5000,0.42858222126960754,0.0,
learned_affine,1,2,1.558424472808838,0.0334816612303257,0.5584244728088379,off,,100,11.059457778930664,0.0,
learned_affine,1,3,0.06734025478363037,0.015061842277646065,-0.9326597452163696,off,,100,287.7069396972656,0.0,
learned_affine,1,4,1.7864933013916016,0.013354748487472534,0.7864933013916016,off,,100,495.7214660644531,0.0,
learned_affine,1,5,-1.212852954864502,0.022714095190167427,-2.212852954864502,off,,100,616.3572387695312,0.0,
learned_affine,1,6,0.663711428642273,0.012207524850964546,-0.33628857135772705,off,,100,4880.63427734375,0.0,
learned_affine,1,7,1.602286458015442,0.02546451799571514,0.6022864580154419,off,,100,60.01948165893555,0.0,
learned_affine,1,8,-1.3612926006317139,0.04170214757323265,-2.361292600631714,off,,100,306.7864685058594,0.0,
learned_affine,1,9,0.8979030251502991,0.02131912112236023,-0.10209697484970093,off,,100,6006.4716796875,0.0,
learned_affine,1,10,1.4062010049819946,0.04875507950782776,0.40620100498199463,off,,100,17.05974006652832,0.0,
learned_affine,1,11,-1.8878250122070312,0.07075590640306473,-2.8878250122070312,off,,100,91.9266586303711,0.0,
learned_affine,1,12,1.9555914402008057,0.03843720629811287,0.9555914402008057,off,,100,8990.8525390625,0.0,
learned_affine,1,13,-0.28666701912879944,0.03809191286563873,-1.2866670191287994,off,,100,933.9177856445312,0.0,
learned_affine,1,14,1.7114968299865723,0.028647348284721375,0.7114968299865723,off,,100,1629.6070556640625,0.0,
learned_affine,1,15,0.14411965012550354,0.02767474390566349,-0.8558803498744965,off,,100,565.5736083984375,0.0,
learned_affine,1,16,1.635650634765625,0.023819375783205032,0.635650634765625,off,,100,659.9464111328125,0.0,
learned_affine,1,17,0.30093932151794434,0.02408536896109581,-0.6990606784820557,off,,100,493.6814880371094,0.0,
learned_affine,1,18,1.584409236907959,0.022582007572054863,0.584409236907959,off,,100,421.7605285644531,0.0,
learned_affine,1,19,0.3755052983760834,0.02204693667590618,-0.6244947016239166,off,,100,440.0904235839844,0.0,
learned_affine,1,20,1.5484603643417358,0.02042539045214653,0.5484603643417358,off,,100,320.94781494140625,0.0,
learned_affine,1,21,0.4365294873714447,0.021481307223439217,-0.5634705126285553,off,,100,411.9876708984375,0.0,
learned_affine,1,22,1.5405101776123047,0.019694186747074127,0.5405101776123047,off,,100,260.3236999511719,0.0,
learned_affine,1,23,0.4776569902896881,0.02045295014977455,-0.5223430097103119,off,,100,413.571044921875,0.0,
learned_affine,1,24,1.5423972606658936,0.019261376932263374,0.5423972606658936,off,,100,215.50343322753906,0.0,
learned_affine,1,25,0.516912579536438,0.020524291321635246,-0.483087420463562,off,,100,427.90911865234375,0.0,
learned_affine,1,26,1.5553420782089233,0.019120987504720688,0.5553420782089233,off,,100,181.64366149902344,0.0,
learned_affine,1,27,0.5460099577903748,0.02015361376106739,-0.45399004220962524,off,,100,441.8465576171875,0.0,
learned_affine,1,28,1.5655670166015625,0.019247082993388176,0.5655670166015625,off,,100,157.3988800048828,0.0,
learned_affine,1,29,0.5706738829612732,0.02084388956427574,-0.4293261170387268,off,,100,454.07177734375,0.0,
learned_affine,1,30,1.583441138267517,0.019450796768069267,0.5834411382675171,off,,100,141.0210418701172,0.0,
learned_affine,1,31,0.5973794460296631,0.02080262079834938,-0.4026205539703369,off,,100,478.2067565917969,0.0,
learned_affine,1,32,1.5935747623443604,0.019234951585531235,0.5935747623443604,off,,100,123.9229965209961,0.0,
learned_affine,1,33,0.6120671629905701,0.02234472520649433,-0.38793283700942993,off,,100,482.69561767578125,0.0,
learned_affine,1,34,1.5817917585372925,0.020447667688131332,0.5817917585372925,off,,100,122.49461364746094,0.0,
learned_affine,1,35,0.6135039329528809,0.022291772067546844,-0.38649606704711914,off,,100,464.1017150878906,0.0,
learned_affine,1,36,1.5861693620681763,0.020831551402807236,0.5861693620681763,off,,100,116.6028060913086,0.0,
learned_affine,1,37,0.6196715831756592,0.022764606401324272,-0.3803284168243408,off,,100,465.72491455078125,0.0,
learned_affine,1,38,1.5868427753448486,0.020945020020008087,0.5868427753448486,off,,100,114.91281127929688,0.0,
learned_affine,1,39,0.6469071507453918,0.022717652842402458,-0.35309284925460815,off,,100,466.61968994140625,0.0,
learned_affine,1,40,1.5918517112731934,0.020500145852565765,0.5918517112731934,off,,100,102.33937072753906,0.0,
learned_affine,1,41,0.6420022249221802,0.023796623572707176,-0.3579977750778198,off,,100,463.5660095214844,0.0,
learned_affine,1,42,1.5814422369003296,0.02092289738357067,0.5814422369003296,off,,100,106.04762268066406,0.0,
learned_affine,1,43,0.6557259559631348,0.023949289694428444,-0.34427404403686523,off,,100,456.2563171386719,0.0,
learned_affine,1,44,1.6041394472122192,0.021235117688775063,0.6041394472122192,off,,100,95.25810241699219,0.0,
learned_affine,1,45,0.6733804941177368,0.024148037657141685,-0.3266195058822632,off,,100,481.611083984375,0.0,
learned_affine,1,46,1.6388648748397827,0.02233116142451763,0.6388648748397827,off,,100,82.6032485961914,0.0,
learned_affine,1,47,0.6193338632583618,0.025959951803088188,-0.3806661367416382,off,,100,518.2969360351562,0.0,
learned_affine,1,48,1.5706807374954224,0.021873343735933304,0.5706807374954224,off,,100,115.25997924804688,0.0,
learned_affine,1,49,0.6739263534545898,0.023615267127752304,-0.32607364654541016,off,,100,440.9859924316406,0.0,
learned_affine,1,50,1.5727589130401611,0.022132668644189835,0.5727589130401611,off,,100,85.73909759521484,0.0,
learned_affine,1,51,0.6857704520225525,0.024078289046883583,-0.3142295479774475,off,,100,444.8273010253906,0.0,
learned_affine,1,52,1.5773353576660156,0.022213315591216087,0.5773353576660156,off,,100,78.79338836669922,0.0,
learned_affine,1,53,0.6860274076461792,0.024817919358611107,-0.3139725923538208,off,,100,441.80780029296875,0.0,
learned_affine,1,54,1.5810781717300415,0.022233502939343452,0.5810781717300415,off,,100,80.01530456542969,0.0,
learned_affine,1,55,0.7017453908920288,0.024340583011507988,-0.2982546091079712,off,,100,452.9750671386719,0.0,
learned_affine,1,56,1.557173490524292,0.022359438240528107,0.557173490524292,off,,100,71.14833068847656,0.0,
learned_affine,1,57,0.6927816271781921,0.026293499395251274,-0.30721837282180786,off,,100,401.22802734375,0.0,
learned_affine,1,58,1.519910216331482,0.022234655916690826,0.5199102163314819,off,,100,80.38713836669922,0.0,
learned_affine,1,59,0.7093923091888428,0.025291739031672478,-0.2906076908111572,off,,100,370.2489013671875,0.0,
learned_affine,1,60,1.518282175064087,0.02210254967212677,0.5182821750640869,off,,100,70.13955688476562,0.0,
learned_affine,1,61,0.6577436327934265,0.026693042367696762,-0.3422563672065735,off,,100,361.92999267578125,0.0,
learned_affine,1,62,1.5077905654907227,0.02226545847952366,0.5077905654907227,off,,100,93.28272247314453,0.0,
learned_affine,1,63,0.6246989369392395,0.025588061660528183,-0.3753010630607605,off,,100,355.51171875,0.0,
learned_affine,1,64,1.5011615753173828,0.021054472774267197,0.5011615753173828,off,,100,109.00122833251953,0.0,
learned_affine,1,65,0.7286522388458252,0.02441995032131672,-0.2713477611541748,off,,100,354.4753723144531,0.0,
learned_affine,1,66,1.5098400115966797,0.02168259210884571,0.5098400115966797,off,,100,57.398372650146484,0.0,
learned_affine,1,67,0.7422922849655151,0.02561694011092186,-0.25770771503448486,off,,100,359.82928466796875,0.0,
learned_affine,1,68,1.4782207012176514,0.02304469607770443,0.47822070121765137,off,,100,50.11389923095703,0.0,
learned_affine,1,69,-0.14181450009346008,0.03853285685181618,-1.14181450009346,off,,100,297.3673400878906,0.0,
learned_affine,1,70,1.2745758295059204,0.01914350502192974,0.2745758295059204,off,,100,1242.751708984375,0.0,
learned_affine,1,71,0.4686724543571472,0.025776809081435204,-0.5313275456428528,off,,100,128.8712615966797,0.0,
learned_affine,1,72,1.3212511539459229,0.019757194444537163,0.32125115394592285,off,,100,237.04994201660156,0.0,
learned_affine,1,73,0.6103246212005615,0.02421264909207821,-0.3896753787994385,off,,100,168.20468139648438,0.0,
learned_affine,1,74,1.3682302236557007,0.020244687795639038,0.3682302236557007,off,,100,122.56117248535156,0.0,
learned_affine,1,75,0.6795321702957153,0.024843428283929825,-0.32046782970428467,off,,100,206.88848876953125,0.0,
learned_affine,1,76,1.4003649950027466,0.020252222195267677,0.4003649950027466,off,,100,80.210693359375,0.0,
learned_affine,1,77,0.7388729453086853,0.024799399077892303,-0.2611270546913147,off,,100,239.9254608154297,0.0,
learned_affine,1,78,1.408905267715454,0.021606994792819023,0.4089052677154541,off,,100,52.52748107910156,0.0,
learned_affine,1,79,0.7353264689445496,0.026083767414093018,-0.26467353105545044,off,,100,244.60995483398438,0.0,
learned_affine,1,80,1.4165750741958618,0.022015856578946114,0.4165750741958618,off,,100,52.911903381347656,0.0,
learned_affine,1,81,0.6868919730186462,0.026634100824594498,-0.31310802698135376,off,,100,249.63323974609375,0.0,
learned_affine,1,82,1.392189860343933,0.021654749289155006,0.3921898603439331,off,,100,74.08592987060547,0.0,
learned_affine,1,83,0.6292932629585266,0.026736339554190636,-0.3707067370414734,off,,100,224.7324981689453,0.0,
learned_affine,1,84,1.3732646703720093,0.02106397971510887,0.3732646703720093,off,,100,106.29876708984375,0.0,
learned_affine,1,85,0.6009212136268616,0.026303207501769066,-0.3990787863731384,off,,100,208.5641326904297,0.0,
learned_affine,1,86,1.3497675657272339,0.02069946937263012,0.3497675657272339,off,,100,124.3943099975586,0.0,
learned_affine,1,87,0.5311935544013977,0.025812149047851562,-0.4688064455986023,off,,100,186.52999877929688,0.0,
learned_affine,1,88,1.328006386756897,0.019688786938786507,0.328006386756897,off,,100,176.74159240722656,0.0,
learned_affine,1,89,0.6427556872367859,0.02400863729417324,-0.3572443127632141,off,,100,174.1182403564453,0.0,
learned_affine,1,90,1.3437166213989258,0.020172705873847008,0.3437166213989258,off,,100,96.54972076416016,0.0,
learned_affine,1,91,0.7080181837081909,0.023681357502937317,-0.2919818162918091,off,,100,187.97203063964844,0.0,
learned_affine,1,92,1.4434025287628174,0.019965847954154015,0.4434025287628174,off,,100,60.09447479248047,0.0,
learned_affine,1,93,0.673702597618103,0.024025525897741318,-0.326297402381897,off,,100,283.0068359375,0.0,
learned_affine,1,94,1.3844234943389893,0.019373297691345215,0.38442349433898926,off,,100,77.46121215820312,0.0,
learned_affine,1,95,0.7475867867469788,0.023886671289801598,-0.25241321325302124,off,,100,229.32040405273438,0.0,
learned_affine,1,96,1.5152873992919922,0.020517168566584587,0.5152873992919922,off,,100,41.13434982299805,0.0,
learned_affine,1,97,0.6348496079444885,0.02269267663359642,-0.3651503920555115,off,,100,361.7156066894531,0.0,
learned_affine,1,98,1.4754189252853394,0.017589230090379715,0.47541892528533936,off,,100,94.3422622680664,0.0,
learned_affine,1,99,0.7164843678474426,0.022418340668082237,-0.2835156321525574,off,,100,338.8976745605469,0.0,
learned_affine,1,100,1.4396226406097412,0.01907774992287159,0.4396226406097412,off,,100,53.80936050415039,0.0,
learned_affine,2,0,1.05,0.02,0.050000000000000044,off,,0,nan,nan,
learned_affine,2,1,0.816612184047699,0.03257308527827263,-0.18338781595230103,off,,5000,0.40381646156311035,0.0,
learned_affine,2,2,1.2794357538223267,0.021685924381017685,0.27943575382232666,off,,100,15.489179611206055,0.0,
learned_affine,2,3,0.19448375701904297,0.03149867430329323,-0.805516242980957,off,,100,98.3143539428711,0.0,
learned_affine,2,4,2.5461668968200684,0.020545771345496178,1.5461668968200684,off,,100,505.25732421875,0.0,
learned_affine,2,5,-0.12390576303005219,0.012686364352703094,-1.1239057630300522,off,,100,2401.7236328125,0.0,
learned_affine,2,6,1.809436321258545,0.012130482122302055,0.8094363212585449,off,,100,720.079833984375,0.0,
learned_affine,2,7,0.33045533299446106,0.010303312912583351,-0.6695446670055389,off,,100,1038.91845703125,0.0,
learned_affine,2,8,1.6089845895767212,0.014551983214914799,0.6089845895767212,off,,100,258.53424072265625,0.0,
learned_affine,2,9,-0.6596904993057251,0.024827517569065094,-1.659690499305725,off,,100,500.1148681640625,0.0,
learned_affine,2,10,0.8823480606079102,0.013843350112438202,-0.11765193939208984,off,,100,2404.733642578125,0.0,
learned_affine,2,11,1.2660616636276245,0.029233725741505623,0.2660616636276245,off,,100,49.71950912475586,0.0,
learned_affine,2,12,-0.02379535511136055,0.04814651608467102,-1.0237953551113605,off,,100,60.09126663208008,0.0,
learned_affine,2,13,1.0296305418014526,0.024911193177103996,0.029630541801452637,off,,100,1224.411865234375,0.0,
learned_affine,2,14,0.8448022603988647,0.07362120598554611,-0.15519773960113525,off,,100,10.508440017700195,0.0,
learned_affine,2,15,1.5297678709030151,0.04315360262989998,0.5297678709030151,off,,100,14.458212852478027,0.0,
learned_affine,2,16,-1.3705888986587524,0.04203275963664055,-2.3705888986587524,off,,100,231.85679626464844,0.0,
learned_affine,2,17,0.9523838758468628,0.02223571203649044,-0.04761612415313721,off,,100,5848.65234375,0.0,
learned_affine,2,18,1.1698333024978638,0.047448743134737015,0.16983330249786377,off,,100,17.23135757446289,0.0,
learned_affine,2,19,-0.3195864260196686,0.08746396750211716,-1.3195864260196686,off,,100,14.950519561767578,0.0,
learned_affine,2,20,1.4097862243652344,0.03811095654964447,0.4097862243652344,off,,100,1980.4481201171875,0.0,
learned_affine,2,21,0.02298852615058422,0.045863907784223557,-0.9770114738494158,off,,100,142.89198303222656,0.0,
learned_affine,2,22,1.1054538488388062,0.028799669817090034,0.10545384883880615,off,,100,1125.47265625,0.0,
learned_affine,2,23,0.5319970846176147,0.04929082840681076,-0.46800291538238525,off,,100,15.650918960571289,0.0,
learned_affine,2,24,2.145441770553589,0.04003581032156944,1.1454417705535889,off,,100,206.83248901367188,0.0,
learned_affine,2,25,0.4766044318675995,0.0384402759373188,-0.5233955681324005,off,,100,1440.2149658203125,0.0,
learned_affine,2,26,1.6133631467819214,0.027677468955516815,0.6133631467819214,off,,100,268.991943359375,0.0,
learned_affine,2,27,0.40441250801086426,0.029211407527327538,-0.5955874919891357,off,,100,410.2970275878906,0.0,
learned_affine,2,28,1.3567054271697998,0.02236337959766388,0.3567054271697998,off,,100,348.3792419433594,0.0,
learned_affine,2,29,0.4206196367740631,0.025196831673383713,-0.5793803632259369,off,,100,162.14633178710938,0.0,
learned_affine,2,30,1.3273725509643555,0.020899636670947075,0.32737255096435547,off,,100,322.8786315917969,0.0,
learned_affine,2,31,0.4658014178276062,0.024570398032665253,-0.5341985821723938,off,,100,150.6898193359375,0.0,
learned_affine,2,32,1.3665574789047241,0.020228693261742592,0.3665574789047241,off,,100,266.90093994140625,0.0,
learned_affine,2,33,0.49630501866340637,0.02309783548116684,-0.5036949813365936,off,,100,183.351318359375,0.0,
learned_affine,2,34,1.3987058401107788,0.02069277875125408,0.3987058401107788,off,,100,232.34698486328125,0.0,
learned_affine,2,35,0.5223315954208374,0.021791912615299225,-0.4776684045791626,off,,100,211.99261474609375,0.0,
learned_affine,2,36,1.3911162614822388,0.02002738043665886,0.39111626148223877,off,,100,200.09210205078125,0.0,
learned_affine,2,37,0.5157005786895752,0.02219901792705059,-0.4842994213104248,off,,100,214.2438201904297,0.0,
learned_affine,2,38,1.3989386558532715,0.019982680678367615,0.3989386558532715,off,,100,201.91656494140625,0.0,
learned_affine,2,39,0.5207525491714478,0.021335436031222343,-0.47924745082855225,off,,100,226.16835021972656,0.0,
learned_affine,2,40,1.4220737218856812,0.019942181184887886,0.42207372188568115,off,,100,192.23855590820312,0.0,
learned_affine,2,41,0.5433006882667542,0.02059031091630459,-0.45669931173324585,off,,100,254.05276489257812,0.0,
learned_affine,2,42,1.455383062362671,0.019467724487185478,0.4553830623626709,off,,100,172.09420776367188,0.0,
learned_affine,2,43,0.5493078231811523,0.020967258140444756,-0.45069217681884766,off,,100,289.60809326171875,0.0,
learned_affine,2,44,1.4280894994735718,0.018767336383461952,0.4280894994735718,off,,100,159.26220703125,0.0,
learned_affine,2,45,0.5576997995376587,0.02095736749470234,-0.4423002004623413,off,,100,270.8055419921875,0.0,
learned_affine,2,46,1.4358395338058472,0.01839105226099491,0.43583953380584717,off,,100,149.71759033203125,0.0,
learned_affine,2,47,0.4778807759284973,0.021733999252319336,-0.5221192240715027,off,,100,281.2215881347656,0.0,
learned_affine,2,48,1.3780721426010132,0.01743903197348118,0.3780721426010132,off,,100,203.67086791992188,0.0,
learned_affine,2,49,0.5829981565475464,0.019573649391531944,-0.4170018434524536,off,,100,234.68569946289062,0.0,
learned_affine,2,50,1.4817265272140503,0.018846534192562103,0.4817265272140503,off,,100,126.93148040771484,0.0,
learned_affine,2,51,0.43056875467300415,0.020971383899450302,-0.5694312453269958,off,,100,326.51654052734375,0.0,
learned_affine,2,52,1.346103549003601,0.01650848425924778,0.3461035490036011,off,,100,237.06124877929688,0.0,
learned_affine,2,53,0.6230736970901489,0.018654970452189445,-0.3769263029098511,off,,100,220.07171630859375,0.0,
learned_affine,2,54,1.5189098119735718,0.0189883541315794,0.5189098119735718,off,,100,98.10187530517578,0.0,
learned_affine,2,55,0.1536027044057846,0.023270133882761,-0.8463972955942154,off,,100,364.40167236328125,0.0,
learned_affine,2,56,1.251011848449707,0.014399920590221882,0.25101184844970703,off,,100,565.5103149414062,0.0,
learned_affine,2,57,0.6219846606254578,0.018254723399877548,-0.37801533937454224,off,,100,167.67874145507812,0.0,
learned_affine,2,58,1.5460566282272339,0.0187850221991539,0.5460566282272339,off,,100,96.0516586303711,0.0,
learned_affine,2,59,0.4126402735710144,0.0228875819593668,-0.5873597264289856,off,,100,408.9853820800781,0.0,
learned_affine,2,60,1.363818883895874,0.015871834009885788,0.363818883895874,off,,100,261.208984375,0.0,
learned_affine,2,61,0.6129189729690552,0.018047472462058067,-0.3870810270309448,off,,100,237.6597442626953,0.0,
learned_affine,2,62,1.4834035634994507,0.018362680450081825,0.4834035634994507,off,,100,103.10072326660156,0.0,
learned_affine,2,63,0.5426123142242432,0.02167406678199768,-0.45738768577575684,off,,100,344.97271728515625,0.0,
learned_affine,2,64,1.4105839729309082,0.016420254483819008,0.4105839729309082,off,,100,146.75860595703125,0.0,
learned_affine,2,65,0.6352799534797668,0.01919637992978096,-0.36472004652023315,off,,100,277.2804260253906,0.0,
learned_affine,2,66,1.4739235639572144,0.018290609121322632,0.47392356395721436,off,,100,88.265380859375,0.0,
learned_affine,2,67,0.427020788192749,0.02526530809700489,-0.572979211807251,off,,100,326.8337707519531,0.0,
learned_affine,2,68,1.315656304359436,0.015332827344536781,0.31565630435943604,off,,100,246.45379638671875,0.0,
learned_affine,2,69,0.6209890246391296,0.01843392848968506,-0.37901097536087036,off,,100,196.18289184570312,0.0,
learned_affine,2,70,1.4623329639434814,0.017610391601920128,0.46233296394348145,off,,100,96.72016143798828,0.0,
learned_affine,2,71,0.6341687440872192,0.021824810653924942,-0.36583125591278076,off,,100,328.6959228515625,0.0,
learned_affine,2,72,1.4567517042160034,0.017374001443386078,0.4567517042160034,off,,100,90.76194763183594,0.0,
learned_affine,2,73,0.6328149437904358,0.021023137494921684,-0.3671850562095642,off,,100,320.1148681640625,0.0,
learned_affine,2,74,1.4392216205596924,0.017586853355169296,0.4392216205596924,off,,100,89.27909851074219,0.0,
learned_affine,2,75,0.5991541147232056,0.02459939382970333,-0.40084588527679443,off,,100,301.6617431640625,0.0,
learned_affine,2,76,1.3911052942276,0.016390405595302582,0.3911052942276001,off,,100,110.57160186767578,0.0,
learned_affine,2,77,0.661251962184906,0.021284906193614006,-0.338748037815094,off,,100,257.60968017578125,0.0,
learned_affine,2,78,1.4508917331695557,0.017670873552560806,0.45089173316955566,off,,100,73.46464538574219,0.0,
learned_affine,2,79,0.5607585906982422,0.02881375141441822,-0.4392414093017578,off,,100,307.54669189453125,0.0,
learned_affine,2,80,1.353440284729004,0.015881339088082314,0.3534402847290039,off,,100,138.96372985839844,0.0,
learned_affine,2,81,0.6697729229927063,0.020126840099692345,-0.3302270770072937,off,,100,223.9520263671875,0.0,
learned_affine,2,82,1.4326986074447632,0.017828427255153656,0.4326986074447632,off,,100,69.83202362060547,0.0,
learned_affine,2,83,0.5810900330543518,0.02662007510662079,-0.4189099669456482,off,,100,284.8781433105469,0.0,
learned_affine,2,84,1.3456467390060425,0.01621445082128048,0.3456467390060425,off,,100,125.41448974609375,0.0,
learned_affine,2,85,0.6994760036468506,0.020822810009121895,-0.3005239963531494,off,,100,214.41490173339844,0.0,
learned_affine,2,86,1.441146731376648,0.018167367205023766,0.44114673137664795,off,,100,57.02018356323242,0.0,
learned_affine,2,87,0.6436447501182556,0.027149686589837074,-0.3563552498817444,off,,100,298.86102294921875,0.0,
learned_affine,2,88,1.3601810932159424,0.016786251217126846,0.3601810932159424,off,,100,86.40459442138672,0.0,
learned_affine,2,89,0.7059676051139832,0.022613469511270523,-0.29403239488601685,off,,100,224.66061401367188,0.0,
learned_affine,2,90,1.4503200054168701,0.01810627058148384,0.4503200054168701,off,,100,54.5107421875,0.0,
learned_affine,2,91,0.7124140858650208,0.025077782571315765,-0.28758591413497925,off,,100,309.558349609375,0.0,
learned_affine,2,92,1.4136816263198853,0.01764623448252678,0.41368162631988525,off,,100,50.86040115356445,0.0,
learned_affine,2,93,0.6105796098709106,0.032915931195020676,-0.38942039012908936,off,,100,263.1256103515625,0.0,
learned_affine,2,94,1.3217251300811768,0.016070837154984474,0.32172513008117676,off,,100,108.11031341552734,0.0,
learned_affine,2,95,0.7324258089065552,0.02245168760418892,-0.2675741910934448,off,,100,195.4904022216797,0.0,
learned_affine,2,96,1.4109562635421753,0.017923913896083832,0.4109562635421753,off,,100,41.84763717651367,0.0,
learned_affine,2,97,0.6318787336349487,0.03446674719452858,-0.36812126636505127,off,,100,261.7044982910156,0.0,
learned_affine,2,98,1.3168437480926514,0.01584247313439846,0.31684374809265137,off,,100,96.03742218017578,0.0,
learned_affine,2,99,0.7240429520606995,0.021989818662405014,-0.27595704793930054,off,,100,186.34877014160156,0.0,
learned_affine,2,100,1.4117146730422974,0.018543154001235962,0.41171467304229736,off,,100,45.96818161010742,0.0,
full_no_replay,0,0,1.05,0.02,0.050000000000000044,off,,0,nan,nan,
full_no_replay,0,1,0.6893976330757141,0.07416501641273499,-0.3106023669242859,off,,5000,22.848234176635742,0.0,
full_no_replay,0,2,2.1247456073760986,0.03197876736521721,1.1247456073760986,off,,100,150.8965606689453,0.0,
full_no_replay,0,3,0.5655410289764404,0.031012365594506264,-0.43445897102355957,off,,100,1451.6324462890625,0.0,
full_no_replay,0,4,1.9294613599777222,0.02211661823093891,0.9294613599777222,off,,100,154.8973388671875,0.0,
full_no_replay,0,5,0.07659976929426193,0.025202957913279533,-0.9234002307057381,off,,100,990.2998046875,0.0,
full_no_replay,0,6,1.5670186281204224,0.015582263469696045,0.5670186281204224,off,,100,633.136962890625,0.0,
full_no_replay,0,7,0.392573744058609,0.018204709514975548,-0.607426255941391,off,,100,517.5571899414062,0.0,
full_no_replay,0,8,1.5385733842849731,0.015064461156725883,0.5385733842849731,off,,100,261.55718994140625,0.0,
full_no_replay,0,9,0.5610741376876831,0.017102040350437164,-0.4389258623123169,off,,100,520.2821044921875,0.0,
full_no_replay,0,10,1.6034146547317505,0.01746796816587448,0.6034146547317505,off,,100,134.17015075683594,0.0,
full_no_replay,0,11,0.6479150652885437,0.02025632932782173,-0.3520849347114563,off,,100,554.4063110351562,0.0,
full_no_replay,0,12,1.559645652770996,0.019001804292201996,0.5596456527709961,off,,100,110.2156982421875,0.0,
full_no_replay,0,13,0.6460483074188232,0.02209859900176525,-0.35395169258117676,off,,100,441.33990478515625,0.0,
full_no_replay,0,14,1.4754397869110107,0.0193500816822052,0.47543978691101074,off,,100,121.40830993652344,0.0,
full_no_replay,0,15,0.6504380702972412,0.02228553406894207,-0.3495619297027588,off,,100,352.64276123046875,0.0,
full_no_replay,0,16,1.4993537664413452,0.019186045974493027,0.4993537664413452,off,,100,111.13321685791016,0.0,
full_no_replay,0,17,0.6633003950119019,0.022279299795627594,-0.33669960498809814,off,,100,393.20257568359375,0.0,
full_no_replay,0,18,1.5256500244140625,0.019680339843034744,0.5256500244140625,off,,100,102.63607025146484,0.0,
full_no_replay,0,19,0.6803824305534363,0.0225805826485157,-0.3196175694465637,off,,100,429.999755859375,0.0,
full_no_replay,0,20,1.5443836450576782,0.019853558391332626,0.5443836450576782,off,,100,93.74525451660156,0.0,
full_no_replay,0,21,0.6503268480300903,0.02339152619242668,-0.34967315196990967,off,,100,417.6715393066406,0.0,
full_no_replay,0,22,1.4519102573394775,0.01943163387477398,0.45191025733947754,off,,100,118.4072494506836,0.0,
full_no_replay,0,23,0.6592668294906616,0.023039812222123146,-0.3407331705093384,off,,100,317.42694091796875,0.0,
full_no_replay,0,24,1.4932668209075928,0.019915375858545303,0.4932668209075928,off,,100,105.0894775390625,0.0,
full_no_replay,0,25,0.6812009215354919,0.02334568463265896,-0.31879907846450806,off,,100,377.19464111328125,0.0,
full_no_replay,0,26,1.509069800376892,0.019298860803246498,0.5090698003768921,off,,100,95.87635803222656,0.0,
full_no_replay,0,27,0.6855833530426025,0.0227959081530571,-0.31441664695739746,off,,100,385.8712158203125,0.0,
full_no_replay,0,28,1.512820839881897,0.019767215475440025,0.512820839881897,off,,100,92.8363265991211,0.0,
full_no_replay,0,29,0.7197181582450867,0.023213762789964676,-0.28028184175491333,off,,100,408.71527099609375,0.0,
full_no_replay,0,30,1.548524260520935,0.020114388316869736,0.5485242605209351,off,,100,78.625244140625,0.0,
full_no_replay,0,31,0.7160760760307312,0.025316180661320686,-0.2839239239692688,off,,100,427.8295593261719,0.0,
full_no_replay,0,32,1.490539789199829,0.020497646182775497,0.4905397891998291,off,,100,86.9443130493164,0.0,
full_no_replay,0,33,0.697489857673645,0.02405589073896408,-0.302510142326355,off,,100,355.1856689453125,0.0,
full_no_replay,0,34,1.4728947877883911,0.020049119368195534,0.4728947877883911,off,,100,92.14327239990234,0.0,
full_no_replay,0,35,0.7212058305740356,0.024121470749378204,-0.27879416942596436,off,,100,357.92327880859375,0.0,
full_no_replay,0,36,1.5043710470199585,0.02028346247971058,0.5043710470199585,off,,100,77.04463958740234,0.0,
full_no_replay,0,37,0.7469097375869751,0.02505367249250412,-0.2530902624130249,off,,100,387.7463073730469,0.0,
full_no_replay,0,38,1.5166925191879272,0.020891506224870682,0.5166925191879272,off,,100,69.00662231445312,0.0,
full_no_replay,0,39,0.7647712826728821,0.02553415670990944,-0.23522871732711792,off,,100,397.4312438964844,0.0,
full_no_replay,0,40,1.5088509321212769,0.021504659205675125,0.5088509321212769,off,,100,66.03166198730469,0.0,
full_no_replay,0,41,0.754855215549469,0.027244918048381805,-0.245144784450531,off,,100,389.13287353515625,0.0,
full_no_replay,0,42,1.4745978116989136,0.022287102416157722,0.4745978116989136,off,,100,67.17400360107422,0.0,
full_no_replay,0,43,0.750560462474823,0.028711974620819092,-0.249439537525177,off,,100,339.9608459472656,0.0,
full_no_replay,0,44,1.4645779132843018,0.022471565753221512,0.46457791328430176,off,,100,68.69366455078125,0.0,
full_no_replay,0,45,0.7440012693405151,0.027477117255330086,-0.25599873065948486,off,,100,322.98291015625,0.0,
full_no_replay,0,46,1.4425084590911865,0.022089648991823196,0.4425084590911865,off,,100,76.09738159179688,0.0,
full_no_replay,0,47,0.7400514483451843,0.027044568210840225,-0.2599485516548157,off,,100,311.5685729980469,0.0,
full_no_replay,0,48,1.4356282949447632,0.020900510251522064,0.4356282949447632,off,,100,76.14805603027344,0.0,
full_no_replay,0,49,0.7553247809410095,0.02562481351196766,-0.24467521905899048,off,,100,292.4280090332031,0.0,
full_no_replay,0,50,1.4439456462860107,0.021445179358124733,0.44394564628601074,off,,100,72.27577209472656,0.0,
full_no_replay,0,51,0.7673984169960022,0.026270190253853798,-0.2326015830039978,off,,100,312.98370361328125,0.0,
full_no_replay,0,52,1.4765976667404175,0.021812405437231064,0.4765976667404175,off,,100,65.75537872314453,0.0,
full_no_replay,0,53,0.7923485040664673,0.027981583029031754,-0.20765149593353271,off,,100,337.7966003417969,0.0,
full_no_replay,0,54,1.4991730451583862,0.023006509989500046,0.49917304515838623,off,,100,57.96091079711914,0.0,
full_no_replay,0,55,0.8226079344749451,0.029761742800474167,-0.17739206552505493,off,,100,362.3447265625,0.0,
full_no_replay,0,56,1.5368667840957642,0.026000279933214188,0.5368667840957642,off,,100,49.45636749267578,0.0,
full_no_replay,0,57,0.8119540214538574,0.03625497594475746,-0.18804597854614258,off,,100,403.4390869140625,0.0,
full_no_replay,0,58,1.4193978309631348,0.024761196225881577,0.41939783096313477,off,,100,65.18644714355469,0.0,
full_no_replay,0,59,0.7736189365386963,0.03327561169862747,-0.2263810634613037,off,,100,261.7405700683594,0.0,
full_no_replay,0,60,1.403096318244934,0.02381550893187523,0.4030963182449341,off,,100,66.66988372802734,0.0,
full_no_replay,0,61,0.77059006690979,0.03119003213942051,-0.22940993309020996,off,,100,256.93084716796875,0.0,
full_no_replay,0,62,1.3687087297439575,0.023066237568855286,0.3687087297439575,off,,100,82.40142059326172,0.0,
full_no_replay,0,63,0.7595305442810059,0.02976408042013645,-0.24046945571899414,off,,100,221.26229858398438,0.0,
full_no_replay,0,64,1.3496334552764893,0.022359758615493774,0.34963345527648926,off,,100,82.02668762207031,0.0,
full_no_replay,0,65,0.7643471956253052,0.029457513242959976,-0.23565280437469482,off,,100,207.6005096435547,0.0,
full_no_replay,0,66,1.3763295412063599,0.022188151255249977,0.37632954120635986,off,,100,75.7581558227539,0.0,
full_no_replay,0,67,0.7748732566833496,0.028632624074816704,-0.2251267433166504,off,,100,224.36495971679688,0.0,
full_no_replay,0,68,1.3992562294006348,0.02236480638384819,0.39925622940063477,off,,100,66.2061538696289,0.0,
full_no_replay,0,69,0.800801157951355,0.029857616871595383,-0.19919884204864502,off,,100,254.79481506347656,0.0,
full_no_replay,0,70,1.4210337400436401,0.023647764697670937,0.42103374004364014,off,,100,60.59601593017578,0.0,
full_no_replay,0,71,0.8057013750076294,0.03107338957488537,-0.1942986249923706,off,,100,282.8040771484375,0.0,
full_no_replay,0,72,1.4113394021987915,0.02378760650753975,0.4113394021987915,off,,100,59.68675994873047,0.0,
full_no_replay,0,73,0.8057852387428284,0.031280238181352615,-0.19421476125717163,off,,100,277.15667724609375,0.0,
full_no_replay,0,74,1.4220495223999023,0.0239691324532032,0.42204952239990234,off,,100,57.964046478271484,0.0,
full_no_replay,0,75,0.8218721747398376,0.030728112906217575,-0.17812782526016235,off,,100,277.8014831542969,0.0,
full_no_replay,0,76,1.4374566078186035,0.02410631626844406,0.4374566078186035,off,,100,55.21818542480469,0.0,
full_no_replay,0,77,0.840735137462616,0.03288862109184265,-0.15926486253738403,off,,100,299.59014892578125,0.0,
full_no_replay,0,78,1.460135579109192,0.02610909380018711,0.4601355791091919,off,,100,51.519287109375,0.0,
full_no_replay,0,79,0.8356530070304871,0.03832076117396355,-0.16434699296951294,off,,100,317.9397277832031,0.0,
full_no_replay,0,80,1.3921797275543213,0.026435943320393562,0.3921797275543213,off,,100,58.72624969482422,0.0,
full_no_replay,0,81,0.8236425518989563,0.03464531898498535,-0.1763574481010437,off,,100,254.43910217285156,0.0,
full_no_replay,0,82,1.3944499492645264,0.025752678513526917,0.39444994926452637,off,,100,56.629764556884766,0.0,
full_no_replay,0,83,0.8325228691101074,0.03270852565765381,-0.16747713088989258,off,,100,250.22830200195312,0.0,
full_no_replay,0,84,1.3952441215515137,0.025351257994771004,0.39524412155151367,off,,100,52.90739059448242,0.0,
full_no_replay,0,85,0.840539276599884,0.03658316656947136,-0.15946072340011597,off,,100,251.9119110107422,0.0,
full_no_replay,0,86,1.3668853044509888,0.02528858557343483,0.36688530445098877,off,,100,60.72957992553711,0.0,
full_no_replay,0,87,0.810448408126831,0.03643732890486717,-0.18955159187316895,off,,100,220.04710388183594,0.0,
full_no_replay,0,88,1.3667480945587158,0.02529289573431015,0.3667480945587158,off,,100,62.99036407470703,0.0,
full_no_replay,0,89,0.816704511642456,0.03403254598379135,-0.18329548835754395,off,,100,228.69705200195312,0.0,
full_no_replay,0,90,1.3713544607162476,0.02629256807267666,0.37135446071624756,off,,100,55.05122375488281,0.0,
full_no_replay,0,91,0.8316146731376648,0.035541802644729614,-0.1683853268623352,off,,100,231.76173400878906,0.0,
full_no_replay,0,92,1.359527349472046,0.02492859773337841,0.3595273494720459,off,,100,54.14192199707031,0.0,
full_no_replay,0,93,0.8456052541732788,0.035506658256053925,-0.1543947458267212,off,,100,218.63031005859375,0.0,
full_no_replay,0,94,1.3483091592788696,0.025547083467245102,0.34830915927886963,off,,100,57.296844482421875,0.0,
full_no_replay,0,95,0.8351418972015381,0.037130821496248245,-0.16485810279846191,off,,100,205.8301544189453,0.0,
full_no_replay,0,96,1.3435673713684082,0.02588331326842308,0.3435673713684082,off,,100,58.82135009765625,0.0,
full_no_replay,0,97,0.8368661403656006,0.03674683719873428,-0.16313385963439941,off,,100,192.80233764648438,0.0,
full_no_replay,0,98,1.3530458211898804,0.027647214010357857,0.35304582118988037,off,,100,55.99267578125,0.0,
full_no_replay,0,99,0.8408651351928711,0.041098158806562424,-0.1591348648071289,off,,100,198.174560546875,0.0,
full_no_replay,0,100,1.3224586248397827,0.026379577815532684,0.3224586248397827,off,,100,67.10652923583984,0.0,
full_no_replay,1,0,1.05,0.02,0.050000000000000044,off,,0,nan,nan,
full_no_replay,1,1,0.4813023507595062,0.12982319295406342,-0.5186976492404938,off,,5000,21.77318572998047,0.0,
full_no_replay,1,2,2.44381046295166,0.027463257312774658,1.4438104629516602,off,,100,384.39312744140625,0.0,
full_no_replay,1,3,0.7278178930282593,0.03477150574326515,-0.2721821069717407,off,,100,2463.846923828125,0.0,
full_no_replay,1,4,1.5840829610824585,0.02622227557003498,0.5840829610824585,off,,100,74.74095916748047,0.0,
full_no_replay,1,5,-0.1705418974161148,0.03793011233210564,-1.1705418974161148,off,,100,368.7638244628906,0.0,
full_no_replay,1,6,1.6239136457443237,0.019601477310061455,0.6239136457443237,off,,100,1252.11669921875,0.0,
full_no_replay,1,7,0.1257864087820053,0.0240473710000515,-0.8742135912179947,off,,100,507.6043395996094,0.0,
full_no_replay,1,8,1.5017948150634766,0.01663307100534439,0.5017948150634766,off,,100,623.20556640625,0.0,
full_no_replay,1,9,0.3534340560436249,0.019477074965834618,-0.6465659439563751,off,,100,406.9332275390625,0.0,
full_no_replay,1,10,1.5165263414382935,0.015626801177859306,0.5165263414382935,off,,100,331.39593505859375,0.0,
full_no_replay,1,11,0.46916210651397705,0.018503151834011078,-0.530837893486023,off,,100,460.8307800292969,0.0,
full_no_replay,1,12,1.582871437072754,0.01615515910089016,0.5828714370727539,off,,100,215.51882934570312,0.0,
full_no_replay,1,13,0.5491352081298828,0.018652532249689102,-0.4508647918701172,off,,100,552.7262573242188,0.0,
full_no_replay,1,14,1.6269404888153076,0.017434705048799515,0.6269404888153076,off,,100,157.80528259277344,0.0,
full_no_replay,1,15,0.5529682636260986,0.0209885835647583,-0.44703173637390137,off,,100,553.130615234375,0.0,
full_no_replay,1,16,1.5598759651184082,0.017778180539608,0.5598759651184082,off,,100,161.06692504882812,0.0,
full_no_replay,1,17,0.593955397605896,0.021044237539172173,-0.406044602394104,off,,100,489.1070251464844,0.0,
full_no_replay,1,18,1.601243495941162,0.018252704292535782,0.6012434959411621,off,,100,141.4515838623047,0.0,
full_no_replay,1,19,0.5983750224113464,0.02174312062561512,-0.40162497758865356,off,,100,538.8040771484375,0.0,
full_no_replay,1,20,1.579313039779663,0.01848973147571087,0.5793130397796631,off,,100,139.0751495361328,0.0,
full_no_replay,1,21,0.5839923024177551,0.0223520640283823,-0.4160076975822449,off,,100,492.2365417480469,0.0,
full_no_replay,1,22,1.5502095222473145,0.018680419772863388,0.5502095222473145,off,,100,146.9491729736328,0.0,
full_no_replay,1,23,0.5858463048934937,0.02160784974694252,-0.41415369510650635,off,,100,470.0304870605469,0.0,
full_no_replay,1,24,1.558030366897583,0.018531043082475662,0.558030366897583,off,,100,148.93130493164062,0.0,
full_no_replay,1,25,0.5897143483161926,0.022325381636619568,-0.4102856516838074,off,,100,464.0138854980469,0.0,
full_no_replay,1,26,1.5599215030670166,0.018591901287436485,0.5599215030670166,off,,100,143.2610626220703,0.0,
full_no_replay,1,27,0.6092084050178528,0.022510599344968796,-0.3907915949821472,off,,100,472.52984619140625,0.0,
full_no_replay,1,28,1.5710514783859253,0.018336409702897072,0.5710514783859253,off,,100,136.34817504882812,0.0,
full_no_replay,1,29,0.6169204115867615,0.02183135785162449,-0.3830795884132385,off,,100,484.7574768066406,0.0,
full_no_replay,1,30,1.568703532218933,0.018434617668390274,0.5687035322189331,off,,100,127.35234069824219,0.0,
full_no_replay,1,31,0.6197615265846252,0.022041352465748787,-0.38023847341537476,off,,100,474.1398010253906,0.0,
full_no_replay,1,32,1.5425361394882202,0.018705956637859344,0.5425361394882202,off,,100,129.49880981445312,0.0,
full_no_replay,1,33,0.6224536299705505,0.022760214284062386,-0.37754637002944946,off,,100,459.06878662109375,0.0,
full_no_replay,1,34,1.5660933256149292,0.017653634771704674,0.5660933256149292,off,,100,119.18485260009766,0.0,
full_no_replay,1,35,0.6442452073097229,0.022917000576853752,-0.3557547926902771,off,,100,473.2489318847656,0.0,
full_no_replay,1,36,1.5411396026611328,0.01839076355099678,0.5411396026611328,off,,100,111.5443344116211,0.0,
full_no_replay,1,37,0.6567294001579285,0.02342427521944046,-0.34327059984207153,off,,100,452.40948486328125,0.0,
full_no_replay,1,38,1.546814203262329,0.018770551308989525,0.5468142032623291,off,,100,109.98688507080078,0.0,
full_no_replay,1,39,0.6534608006477356,0.02441997639834881,-0.3465391993522644,off,,100,445.70306396484375,0.0,
full_no_replay,1,40,1.5171749591827393,0.018706664443016052,0.5171749591827393,off,,100,111.06192016601562,0.0,
full_no_replay,1,41,0.6636756062507629,0.023908210918307304,-0.33632439374923706,off,,100,423.60504150390625,0.0,
full_no_replay,1,42,1.519378900527954,0.01856110990047455,0.5193789005279541,off,,100,103.799072265625,0.0,
full_no_replay,1,43,0.6738306879997253,0.024523694068193436,-0.32616931200027466,off,,100,414.1942443847656,0.0,
full_no_replay,1,44,1.504167914390564,0.01909242570400238,0.504167914390564,off,,100,98.52481842041016,0.0,
full_no_replay,1,45,0.6860313415527344,0.02473646029829979,-0.3139686584472656,off,,100,391.1081237792969,0.0,
full_no_replay,1,46,1.5250970125198364,0.019294537603855133,0.5250970125198364,off,,100,97.49147033691406,0.0,
full_no_replay,1,47,0.7201857566833496,0.02553902193903923,-0.2798142433166504,off,,100,428.60101318359375,0.0,
full_no_replay,1,48,1.5332626104354858,0.020057344809174538,0.5332626104354858,off,,100,78.00212860107422,0.0,
full_no_replay,1,49,0.7288726568222046,0.028293494135141373,-0.2711273431777954,off,,100,427.994140625,0.0,
full_no_replay,1,50,1.5205296277999878,0.02104872278869152,0.5205296277999878,off,,100,81.51129913330078,0.0,
full_no_replay,1,51,0.7201486229896545,0.027073364704847336,-0.27985137701034546,off,,100,407.4140625,0.0,
full_no_replay,1,52,1.5003904104232788,0.020429132506251335,0.5003904104232788,off,,100,90.76536560058594,0.0,
full_no_replay,1,53,0.7127646207809448,0.026656121015548706,-0.2872353792190552,off,,100,388.8561096191406,0.0,
full_no_replay,1,54,1.499421238899231,0.0203049648553133,0.49942123889923096,off,,100,87.1663818359375,0.0,
full_no_replay,1,55,0.7048162817955017,0.026541927829384804,-0.2951837182044983,off,,100,380.9296875,0.0,
full_no_replay,1,56,1.4770737886428833,0.02010275050997734,0.4770737886428833,off,,100,90.16001892089844,0.0,
full_no_replay,1,57,0.7186245322227478,0.026793982833623886,-0.2813754677772522,off,,100,350.48553466796875,0.0,
full_no_replay,1,58,1.4900245666503906,0.01960461027920246,0.4900245666503906,off,,100,81.02647399902344,0.0,
full_no_replay,1,59,0.7848424911499023,0.028697412461042404,-0.21515750885009766,off,,100,362.3002624511719,0.0,
full_no_replay,1,60,1.4941790103912354,0.021856149658560753,0.49417901039123535,off,,100,65.0667495727539,0.0,
full_no_replay,1,61,0.779245138168335,0.037015240639448166,-0.22075486183166504,off,,100,351.2960510253906,0.0,
full_no_replay,1,62,1.423753261566162,0.02163602225482464,0.4237532615661621,off,,100,79.35028839111328,0.0,
full_no_replay,1,63,0.7558959126472473,0.03276742622256279,-0.24410408735275269,off,,100,274.2358093261719,0.0,
full_no_replay,1,64,1.4264583587646484,0.021872371435165405,0.42645835876464844,off,,100,75.20863342285156,0.0,
full_no_replay,1,65,0.7641298174858093,0.03276467323303223,-0.23587018251419067,off,,100,268.08544921875,0.0,
full_no_replay,1,66,1.4144295454025269,0.02196429669857025,0.41442954540252686,off,,100,83.34056091308594,0.0,
full_no_replay,1,67,0.7634573578834534,0.031720247119665146,-0.23654264211654663,off,,100,275.83172607421875,0.0,
full_no_replay,1,68,1.4248367547988892,0.0222468338906765,0.42483675479888916,off,,100,78.67839813232422,0.0,
full_no_replay,1,69,0.7667726874351501,0.03250586986541748,-0.23322731256484985,off,,100,275.9903869628906,0.0,
full_no_replay,1,70,1.402669906616211,0.022468259558081627,0.40266990661621094,off,,100,75.629638671875,0.0,
full_no_replay,1,71,0.7314489483833313,0.031671617180109024,-0.2685510516166687,off,,100,262.3761291503906,0.0,
full_no_replay,1,72,1.3636469841003418,0.022076336666941643,0.3636469841003418,off,,100,93.90070343017578,0.0,
full_no_replay,1,73,0.6361725330352783,0.02901151031255722,-0.3638274669647217,off,,100,214.93722534179688,0.0,
full_no_replay,1,74,1.321047306060791,0.02090488187968731,0.321047306060791,off,,100,139.74465942382812,0.0,
full_no_replay,1,75,0.6640958189964294,0.02874319814145565,-0.33590418100357056,off,,100,188.5574188232422,0.0,
full_no_replay,1,76,1.3071939945220947,0.020775891840457916,0.3071939945220947,off,,100,122.95255279541016,0.0,
full_no_replay,1,77,0.6644005179405212,0.028307070955634117,-0.33559948205947876,off,,100,175.33651733398438,0.0,
full_no_replay,1,78,1.3073076009750366,0.021075494587421417,0.3073076009750366,off,,100,112.26731872558594,0.0,
full_no_replay,1,79,0.6696981191635132,0.028352541849017143,-0.3303018808364868,off,,100,166.642822265625,0.0,
full_no_replay,1,80,1.2911232709884644,0.020441513508558273,0.29112327098846436,off,,100,119.06059265136719,0.0,
full_no_replay,1,81,0.6790308356285095,0.028515536338090897,-0.3209691643714905,off,,100,151.52960205078125,0.0,
full_no_replay,1,82,1.3020790815353394,0.021674294024705887,0.30207908153533936,off,,100,105.2287368774414,0.0,
full_no_replay,1,83,0.729546308517456,0.029584111645817757,-0.27045369148254395,off,,100,173.93492126464844,0.0,
full_no_replay,1,84,1.3218028545379639,0.022002890706062317,0.32180285453796387,off,,100,79.12545013427734,0.0,
full_no_replay,1,85,0.7920250296592712,0.03134390711784363,-0.20797497034072876,off,,100,198.747802734375,0.0,
full_no_replay,1,86,1.343014121055603,0.02253333479166031,0.343014121055603,off,,100,69.84123992919922,0.0,
full_no_replay,1,87,0.8335493206977844,0.03712894022464752,-0.16645067930221558,off,,100,193.8611297607422,0.0,
full_no_replay,1,88,1.3298535346984863,0.02438972517848015,0.32985353469848633,off,,100,62.816131591796875,0.0,
full_no_replay,1,89,0.6730400323867798,0.09635289013385773,-0.3269599676132202,off,,100,177.274169921875,0.0,
full_no_replay,1,90,1.1285443305969238,0.02230641432106495,0.12854433059692383,off,,100,236.61643981933594,0.0,
full_no_replay,1,91,0.7723955512046814,0.042384061962366104,-0.2276044487953186,off,,100,64.04601287841797,0.0,
full_no_replay,1,92,1.1855599880218506,0.024677952751517296,0.18555998802185059,off,,100,92.53946685791016,0.0,
full_no_replay,1,93,0.7824103832244873,0.044551391154527664,-0.2175896167755127,off,,100,86.81424713134766,0.0,
full_no_replay,1,94,1.2090792655944824,0.025511525571346283,0.20907926559448242,off,,100,86.94827270507812,0.0,
full_no_replay,1,95,0.7379605770111084,0.0397423580288887,-0.2620394229888916,off,,100,100.10753631591797,0.0,
full_no_replay,1,96,1.1693896055221558,0.02513265237212181,0.16938960552215576,off,,100,109.289306640625,0.0,
full_no_replay,1,97,0.7851884961128235,0.04440883919596672,-0.2148115038871765,off,,100,78.97486114501953,0.0,
full_no_replay,1,98,1.1994106769561768,0.02500000223517418,0.19941067695617676,off,,100,88.24394989013672,0.0,
full_no_replay,1,99,0.7893508076667786,0.04326092079281807,-0.21064919233322144,off,,100,92.55059051513672,0.0,
full_no_replay,1,100,1.21036696434021,0.02460409328341484,0.21036696434020996,off,,100,77.24468994140625,0.0,
full_no_replay,2,0,1.05,0.02,0.050000000000000044,off,,0,nan,nan,
full_no_replay,2,1,0.13387174904346466,0.32715100049972534,-0.8661282509565353,off,,5000,23.142545700073242,0.0,
full_no_replay,2,2,1.7357444763183594,0.040053825825452805,0.7357444763183594,off,,100,1073.5028076171875,0.001953125,
full_no_replay,2,3,0.354580819606781,0.04853549972176552,-0.645419180393219,off,,100,652.9660034179688,0.0,
full_no_replay,2,4,1.3773945569992065,0.025447916239500046,0.37739455699920654,off,,100,457.7414855957031,0.0,
full_no_replay,2,5,0.29921263456344604,0.03309713304042816,-0.700787365436554,off,,100,195.1068115234375,0.0,
full_no_replay,2,6,1.2347708940505981,0.02179635316133499,0.23477089405059814,off,,100,541.6828002929688,0.0,
full_no_replay,2,7,0.4338940382003784,0.028204547241330147,-0.5661059617996216,off,,100,112.28728485107422,0.0,
full_no_replay,2,8,1.263431191444397,0.021659133955836296,0.263431191444397,off,,100,338.7137145996094,0.0,
full_no_replay,2,9,0.47364336252212524,0.029038531705737114,-0.5263566374778748,off,,100,127.777099609375,0.0,
full_no_replay,2,10,1.2477821111679077,0.02125365659594536,0.24778211116790771,off,,100,290.8753356933594,0.0,
full_no_replay,2,11,0.523495614528656,0.028787923976778984,-0.476504385471344,off,,100,124.37152099609375,0.0,
full_no_replay,2,12,1.2800509929656982,0.021213047206401825,0.28005099296569824,off,,100,233.29315185546875,0.0,
full_no_replay,2,13,0.5453890562057495,0.028035324066877365,-0.4546109437942505,off,,100,150.02000427246094,0.0,
full_no_replay,2,14,1.2846391201019287,0.020853344351053238,0.2846391201019287,off,,100,214.82362365722656,0.0,
full_no_replay,2,15,0.5508769750595093,0.02758091501891613,-0.4491230249404907,off,,100,149.34962463378906,0.0,
full_no_replay,2,16,1.2776848077774048,0.021075967699289322,0.2776848077774048,off,,100,206.3963623046875,0.0,
full_no_replay,2,17,0.5784273147583008,0.02796417474746704,-0.4215726852416992,off,,100,137.5399169921875,0.0,
full_no_replay,2,18,1.285372257232666,0.021802984178066254,0.285372257232666,off,,100,181.93600463867188,0.0,
full_no_replay,2,19,0.5901657938957214,0.027768438681960106,-0.40983420610427856,off,,100,156.07675170898438,0.0,
full_no_replay,2,20,1.2853413820266724,0.020732998847961426,0.28534138202667236,off,,100,171.28329467773438,0.0,
full_no_replay,2,21,0.6259581446647644,0.02768596261739731,-0.3740418553352356,off,,100,162.85226440429688,0.0,
full_no_replay,2,22,1.3162322044372559,0.021426266059279442,0.31623220443725586,off,,100,146.92312622070312,0.0,
full_no_replay,2,23,0.6329887509346008,0.027125159278512,-0.36701124906539917,off,,100,182.38284301757812,0.0,
full_no_replay,2,24,1.3115729093551636,0.02145630121231079,0.3115729093551636,off,,100,139.04798889160156,0.0,
full_no_replay,2,25,0.6562893986701965,0.02803996577858925,-0.34371060132980347,off,,100,169.48980712890625,0.0,
full_no_replay,2,26,1.3222886323928833,0.02107076346874237,0.3222886323928833,off,,100,130.05418395996094,0.0,
full_no_replay,2,27,0.6648479700088501,0.02724011242389679,-0.3351520299911499,off,,100,198.04605102539062,0.0,
full_no_replay,2,28,1.30936598777771,0.021233702078461647,0.30936598777770996,off,,100,126.79781341552734,0.0,
full_no_replay,2,29,0.6526976823806763,0.02675471268594265,-0.34730231761932373,off,,100,176.6646270751953,0.0,
full_no_replay,2,30,1.3092910051345825,0.021059615537524223,0.3092910051345825,off,,100,128.71551513671875,0.0,
full_no_replay,2,31,0.6542608737945557,0.026123547926545143,-0.34573912620544434,off,,100,181.12408447265625,0.0,
full_no_replay,2,32,1.3018434047698975,0.02035631611943245,0.30184340476989746,off,,100,121.43915557861328,0.0,
full_no_replay,2,33,0.6978349685668945,0.026994794607162476,-0.30216503143310547,off,,100,170.74594116210938,0.0,
full_no_replay,2,34,1.3347688913345337,0.02125818468630314,0.3347688913345337,off,,100,96.88565826416016,0.0,
full_no_replay,2,35,0.7178707718849182,0.028798693791031837,-0.2821292281150818,off,,100,193.51620483398438,0.0,
full_no_replay,2,36,1.3514655828475952,0.022020459175109863,0.3514655828475952,off,,100,93.46099090576172,0.0,
full_no_replay,2,37,0.6798550486564636,0.02700815722346306,-0.3201449513435364,off,,100,222.35533142089844,0.0,
full_no_replay,2,38,1.3062222003936768,0.02141007035970688,0.30622220039367676,off,,100,106.52769470214844,0.0,
full_no_replay,2,39,0.7129222750663757,0.02776292711496353,-0.28707772493362427,off,,100,180.11965942382812,0.0,
full_no_replay,2,40,1.321681261062622,0.021923081949353218,0.32168126106262207,off,,100,91.28816223144531,0.0,
full_no_replay,2,41,0.7865551114082336,0.029477976262569427,-0.21344488859176636,off,,100,187.1755828857422,0.0,
full_no_replay,2,42,1.364816427230835,0.0234060175716877,0.36481642723083496,off,,100,67.26385498046875,0.0,
full_no_replay,2,43,0.8418835997581482,0.03754507377743721,-0.1581164002418518,off,,100,223.82359313964844,0.0,
full_no_replay,2,44,1.3797837495803833,0.026330478489398956,0.3797837495803833,off,,100,60.55104446411133,0.0,
full_no_replay,2,45,0.7320179343223572,0.0652344822883606,-0.2679820656776428,off,,100,223.9871368408203,0.0,
full_no_replay,2,46,1.176491379737854,0.02378007210791111,0.176491379737854,off,,100,146.67933654785156,0.0,
full_no_replay,2,47,0.7409418821334839,0.040275461971759796,-0.2590581178665161,off,,100,76.14807891845703,0.0,
full_no_replay,2,48,1.1836497783660889,0.023811640217900276,0.18364977836608887,off,,100,106.62027740478516,0.0,
full_no_replay,2,49,0.7137645483016968,0.038507476449012756,-0.2862354516983032,off,,100,85.16702270507812,0.0,
full_no_replay,2,50,1.1940550804138184,0.024650750681757927,0.19405508041381836,off,,100,104.42847442626953,0.0,
full_no_replay,2,51,0.710141122341156,0.03873913735151291,-0.289858877658844,off,,100,95.08035278320312,0.0,
full_no_replay,2,52,1.185787558555603,0.024422485381364822,0.18578755855560303,off,,100,120.17742919921875,0.0,
full_no_replay,2,53,0.7109600305557251,0.03740688040852547,-0.2890399694442749,off,,100,86.6043701171875,0.0,
full_no_replay,2,54,1.1937934160232544,0.02412421815097332,0.1937934160232544,off,,100,118.67857360839844,0.0,
full_no_replay,2,55,0.7559283375740051,0.03861366584897041,-0.24407166242599487,off,,100,87.99906158447266,0.0,
full_no_replay,2,56,1.2182530164718628,0.02524549327790737,0.2182530164718628,off,,100,98.64498901367188,0.0,
full_no_replay,2,57,0.7355139851570129,0.03744816780090332,-0.26448601484298706,off,,100,103.25399780273438,0.0,
full_no_replay,2,58,1.2147607803344727,0.024056673049926758,0.21476078033447266,off,,100,97.2091064453125,0.0,
full_no_replay,2,59,0.689493715763092,0.033292606472969055,-0.31050628423690796,off,,100,104.78377532958984,0.0,
full_no_replay,2,60,1.2089353799819946,0.022640369832515717,0.20893537998199463,off,,100,117.33956146240234,0.0,
full_no_replay,2,61,0.6930461525917053,0.032233256846666336,-0.3069538474082947,off,,100,99.7347183227539,0.0,
full_no_replay,2,62,1.1993948221206665,0.022023437544703484,0.1993948221206665,off,,100,115.87897491455078,0.0,
full_no_replay,2,63,0.7438781261444092,0.03265077620744705,-0.2561218738555908,off,,100,99.06292724609375,0.0,
full_no_replay,2,64,1.2200952768325806,0.02205073833465576,0.22009527683258057,off,,100,92.5592269897461,0.0,
full_no_replay,2,65,0.6983241438865662,0.031096862629055977,-0.30167585611343384,off,,100,107.90294647216797,0.0,
full_no_replay,2,66,1.2153640985488892,0.021936118602752686,0.21536409854888916,off,,100,116.60126495361328,0.0,
full_no_replay,2,67,0.6582587957382202,0.02898094803094864,-0.3417412042617798,off,,100,108.76622772216797,0.0,
full_no_replay,2,68,1.1774144172668457,0.021102743223309517,0.1774144172668457,off,,100,141.0861053466797,0.0,
full_no_replay,2,69,0.746182918548584,0.03176906704902649,-0.253817081451416,off,,100,81.72036743164062,0.0,
full_no_replay,2,70,1.2165615558624268,0.021613260731101036,0.21656155586242676,off,,100,89.64972686767578,0.0,
full_no_replay,2,71,0.6939690709114075,0.02948882058262825,-0.30603092908859253,off,,100,105.45472717285156,0.0,
full_no_replay,2,72,1.1960062980651855,0.02103283442556858,0.19600629806518555,off,,100,109.86907958984375,0.0,
full_no_replay,2,73,0.7644326090812683,0.03310144320130348,-0.2355673909187317,off,,100,96.04270935058594,0.0,
full_no_replay,2,74,1.220420241355896,0.021783960983157158,0.220420241355896,off,,100,76.91387176513672,0.0,
full_no_replay,2,75,0.7381123900413513,0.03189491480588913,-0.2618876099586487,off,,100,111.21450805664062,0.0,
full_no_replay,2,76,1.1942040920257568,0.02157345786690712,0.19420409202575684,off,,100,87.45506286621094,0.0,
full_no_replay,2,77,0.7193922996520996,0.03207305446267128,-0.2806077003479004,off,,100,92.09346771240234,0.0,
full_no_replay,2,78,1.1728929281234741,0.022292817011475563,0.17289292812347412,off,,100,94.62570190429688,0.0,
full_no_replay,2,79,0.7046059370040894,0.031135529279708862,-0.29539406299591064,off,,100,83.9398422241211,0.0,
full_no_replay,2,80,1.1835334300994873,0.022003192454576492,0.1835334300994873,off,,100,96.0799789428711,0.0,
full_no_replay,2,81,0.7111576199531555,0.031497761607170105,-0.2888423800468445,off,,100,89.28907012939453,0.0,
full_no_replay,2,82,1.1758307218551636,0.021852176636457443,0.17583072185516357,off,,100,96.06407928466797,0.0,
full_no_replay,2,83,0.7769314646720886,0.03429073467850685,-0.22306853532791138,off,,100,81.3252944946289,0.0,
full_no_replay,2,84,1.2224124670028687,0.023100171238183975,0.22241246700286865,off,,100,72.06106567382812,0.0,
full_no_replay,2,85,0.7052667737007141,0.031197253614664078,-0.2947332262992859,off,,100,109.72317504882812,0.0,
full_no_replay,2,86,1.1880502700805664,0.019938090816140175,0.1880502700805664,off,,100,102.22471618652344,0.0,
full_no_replay,2,87,0.7319720387458801,0.029654059559106827,-0.2680279612541199,off,,100,92.04304504394531,0.0,
full_no_replay,2,88,1.1954669952392578,0.020426684990525246,0.1954669952392578,off,,100,87.3564453125,0.0,
full_no_replay,2,89,0.7760867476463318,0.03239007666707039,-0.2239132523536682,off,,100,95.48033142089844,0.0,
full_no_replay,2,90,1.2159940004348755,0.02192341722548008,0.2159940004348755,off,,100,67.3505859375,0.0,
full_no_replay,2,91,0.7068983316421509,0.0294247567653656,-0.2931016683578491,off,,100,100.57775115966797,0.0,
full_no_replay,2,92,1.1719512939453125,0.020155485719442368,0.1719512939453125,off,,100,101.3727798461914,0.0,
full_no_replay,2,93,0.7911615371704102,0.03126846253871918,-0.20883846282958984,off,,100,79.90764617919922,0.0,
full_no_replay,2,94,1.230473279953003,0.02161163091659546,0.23047327995300293,off,,100,69.27772521972656,0.0,
full_no_replay,2,95,0.7360572814941406,0.02807551808655262,-0.2639427185058594,off,,100,116.71890258789062,0.0,
full_no_replay,2,96,1.2275720834732056,0.019284075126051903,0.22757208347320557,off,,100,86.2060317993164,0.0,
full_no_replay,2,97,0.7134387493133545,0.027307920157909393,-0.2865612506866455,off,,100,99.60755920410156,0.0,
full_no_replay,2,98,1.2026548385620117,0.01881089061498642,0.20265483856201172,off,,100,91.54527282714844,0.0,
full_no_replay,2,99,0.6913456320762634,0.026177681982517242,-0.3086543679237366,off,,100,99.9699478149414,0.0,
full_no_replay,2,100,1.1972136497497559,0.01863563247025013,0.19721364974975586,off,,100,103.98302459716797,0.0,
full_replay,0,0,1.05,0.02,0.050000000000000044,on,,0,nan,nan,
full_replay,0,1,0.6893976330757141,0.07416501641273499,-0.3106023669242859,on,,5000,22.848234176635742,0.0,
full_replay,0,2,1.4288326501846313,0.03494893014431,0.42883265018463135,on,,100,94.04685974121094,0.0,
full_replay,0,3,0.7403013706207275,0.024102097377181053,-0.25969862937927246,on,,100,184.16702270507812,0.0,
full_replay,0,4,0.826543927192688,0.02104240097105503,-0.173456072807312,on,,100,142.19374084472656,0.0,
full_replay,0,5,1.488372802734375,0.02446179836988449,0.488372802734375,on,,100,56.995697021484375,0.0,
full_replay,0,6,0.5471751689910889,0.027501439675688744,-0.45282483100891113,on,,100,172.54690551757812,0.0,
full_replay,0,7,0.9582886695861816,0.017253436148166656,-0.04171133041381836,on,,100,230.52012634277344,0.0,
full_replay,0,8,1.4428629875183105,0.021361177787184715,0.44286298751831055,on,,100,85.6451416015625,0.0,
full_replay,0,9,0.4551129937171936,0.029171524569392204,-0.5448870062828064,on,,100,148.43955993652344,0.0,
full_replay,0,10,0.9595956802368164,0.019667796790599823,-0.040404319763183594,on,,100,251.32920837402344,0.0,
full_replay,0,11,1.4103736877441406,0.02071063220500946,0.4103736877441406,on,,100,104.90824890136719,0.0,
full_replay,0,12,0.47040626406669617,0.027509508654475212,-0.5295937359333038,on,,100,140.76539611816406,0.0,
full_replay,0,13,0.9763091802597046,0.019133495166897774,-0.02369081974029541,on,,100,237.32382202148438,0.0,
full_replay,0,14,1.4487751722335815,0.021458351984620094,0.44877517223358154,on,,100,97.91580200195312,0.0,
full_replay,0,15,0.51629239320755,0.027048613876104355,-0.48370760679244995,on,,100,161.64779663085938,0.0,
full_replay,0,16,0.9039439558982849,0.01839482970535755,-0.09605604410171509,on,,100,221.27883911132812,0.0,
full_replay,0,17,1.4703054428100586,0.020236872136592865,0.4703054428100586,on,,100,87.58099365234375,0.0,
full_replay,0,18,0.5689692497253418,0.025851931422948837,-0.4310307502746582,on,,100,172.3892364501953,0.0,
full_replay,0,19,0.8628442287445068,0.018303288146853447,-0.13715577125549316,on,,100,210.276123046875,0.0,
full_replay,0,20,1.5450284481048584,0.020651808008551598,0.5450284481048584,on,,100,73.81499481201172,0.0,
full_replay,0,21,0.5714395642280579,0.025226103141903877,-0.42856043577194214,on,,100,201.24459838867188,0.0,
full_replay,0,22,0.8707195520401001,0.017710717394948006,-0.1292804479598999,on,,100,236.541748046875,0.0,
full_replay,0,23,1.6185048818588257,0.019630908966064453,0.6185048818588257,on,,100,75.28256225585938,0.0,
full_replay,0,24,0.6434070467948914,0.02492738887667656,-0.35659295320510864,on,,100,271.9612731933594,0.0,
full_replay,0,25,0.747695803642273,0.018056975677609444,-0.25230419635772705,on,,100,233.394287109375,0.0,
full_replay,0,26,1.5948286056518555,0.01628279499709606,0.5948286056518555,on,,100,89.0350341796875,0.0,
full_replay,0,27,0.7072970867156982,0.02027183584868908,-0.29270291328430176,on,,100,256.5378112792969,0.0,
full_replay,0,28,0.8151043653488159,0.017772339284420013,-0.18489563465118408,on,,100,195.28512573242188,0.0,
full_replay,0,29,1.5985156297683716,0.017867401242256165,0.5985156297683716,on,,100,70.24810028076172,0.0,
full_replay,0,30,0.7093191146850586,0.023686043918132782,-0.2906808853149414,on,,100,238.1561737060547,0.0,
full_replay,0,31,0.7984442710876465,0.01865120604634285,-0.20155572891235352,on,,100,197.8439483642578,0.0,
full_replay,0,32,1.6298632621765137,0.016804251819849014,0.6298632621765137,on,,100,80.91414642333984,0.0,
full_replay,0,33,0.7197332978248596,0.021291840821504593,-0.2802667021751404,on,,100,261.39453125,0.0,
full_replay,0,34,0.8418285250663757,0.017383458092808723,-0.15817147493362427,on,,100,203.25146484375,0.0,
full_replay,0,35,1.6214629411697388,0.017347335815429688,0.6214629411697388,on,,100,75.09253692626953,0.0,
full_replay,0,36,0.7355955243110657,0.024156590923666954,-0.2644044756889343,on,,100,247.939453125,0.0,
full_replay,0,37,0.8332712650299072,0.018825454637408257,-0.16672873497009277,on,,100,199.23348999023438,0.0,
full_replay,0,38,1.619017243385315,0.016549481078982353,0.6190172433853149,on,,100,83.61771392822266,0.0,
full_replay,0,39,0.7678067088127136,0.021935464814305305,-0.23219329118728638,on,,100,250.84014892578125,0.0,
full_replay,0,40,0.8309511542320251,0.019347533583641052,-0.16904884576797485,on,,100,183.53550720214844,0.0,
full_replay,0,41,1.6409633159637451,0.01794305443763733,0.6409633159637451,on,,100,75.38946533203125,0.0,
full_replay,0,42,0.7167463898658752,0.025054840371012688,-0.28325361013412476,on,,100,257.44793701171875,0.0,
full_replay,0,43,0.8749799728393555,0.017973490059375763,-0.12502002716064453,on,,100,208.16854858398438,0.0,
full_replay,0,44,1.596072793006897,0.018269021064043045,0.596072793006897,on,,100,78.52587890625,0.0,
full_replay,0,45,0.6978034377098083,0.026600267738103867,-0.30219656229019165,on,,100,214.66058349609375,0.0,
full_replay,0,46,0.8622962832450867,0.020504459738731384,-0.13770371675491333,on,,100,206.244873046875,0.0,
full_replay,0,47,1.6599701642990112,0.01804462820291519,0.6599701642990112,on,,100,87.19673919677734,0.0,
full_replay,0,48,0.7241566181182861,0.024496547877788544,-0.27584338188171387,on,,100,267.38934326171875,0.0,
full_replay,0,49,0.8638455271720886,0.01649748533964157,-0.13615447282791138,on,,100,214.9975128173828,0.0,
full_replay,0,50,1.5987821817398071,0.01629556529223919,0.5987821817398071,on,,100,86.2032699584961,0.0,
full_replay,0,51,0.7374703884124756,0.022227417677640915,-0.2625296115875244,on,,100,231.93280029296875,0.0,
full_replay,0,52,0.884623646736145,0.0186206866055727,-0.11537635326385498,on,,100,189.6336669921875,0.0,
full_replay,0,53,1.6187820434570312,0.01889844983816147,0.6187820434570312,on,,100,74.07861328125,0.0,
full_replay,0,54,0.7131733298301697,0.026818450540304184,-0.2868266701698303,on,,100,234.26515197753906,0.0,
full_replay,0,55,0.889864444732666,0.01805085875093937,-0.11013555526733398,on,,100,206.16319274902344,0.0,
full_replay,0,56,1.6273044347763062,0.017500827088952065,0.6273044347763062,on,,100,85.23478698730469,0.0,
full_replay,0,57,0.7308502197265625,0.025985809043049812,-0.2691497802734375,on,,100,247.60289001464844,0.0,
full_replay,0,58,0.860725998878479,0.017643509432673454,-0.139274001121521,on,,100,202.67417907714844,0.0,
full_replay,0,59,1.6312328577041626,0.016751334071159363,0.6312328577041626,on,,100,81.6167984008789,0.0,
full_replay,0,60,0.7213635444641113,0.024345584213733673,-0.27863645553588867,on,,100,257.5154113769531,0.0,
full_replay,0,61,0.8478997945785522,0.018215898424386978,-0.15210020542144775,on,,100,208.87551879882812,0.0,
full_replay,0,62,1.600585699081421,0.01618516817688942,0.6005856990814209,on,,100,93.81358337402344,0.0,
full_replay,0,63,0.7960392832756042,0.02134760655462742,-0.20396071672439575,on,,100,242.04173278808594,0.0,
full_replay,0,64,0.7983306646347046,0.019544528797268867,-0.2016693353652954,on,,100,173.61390686035156,0.0,
full_replay,0,65,1.521459937095642,0.01701783947646618,0.5214599370956421,on,,100,92.437744140625,0.0,
full_replay,0,66,0.7781819105148315,0.02232925035059452,-0.22181808948516846,on,,100,181.379638671875,0.0,
full_replay,0,67,0.9041991233825684,0.019685082137584686,-0.09580087661743164,on,,100,146.41761779785156,0.0,
full_replay,0,68,1.6178078651428223,0.019711211323738098,0.6178078651428223,on,,100,64.11827087402344,0.0,
full_replay,0,69,0.6992591023445129,0.029678955674171448,-0.30074089765548706,on,,100,230.5336151123047,0.0,
full_replay,0,70,0.8497183322906494,0.01763935014605522,-0.15028166770935059,on,,100,212.54656982421875,0.0,
full_replay,0,71,1.5858005285263062,0.015222327783703804,0.5858005285263062,on,,100,88.66727447509766,0.0,
full_replay,0,72,0.7644551396369934,0.022076334804296494,-0.2355448603630066,on,,100,224.02699279785156,0.0,
full_replay,0,73,0.7971522212028503,0.018844986334443092,-0.20284777879714966,on,,100,170.6427459716797,0.0,
full_replay,0,74,1.5193465948104858,0.01621304079890251,0.5193465948104858,on,,100,91.94051361083984,0.0,
full_replay,0,75,0.783994734287262,0.021163567900657654,-0.21600526571273804,on,,100,187.4500732421875,0.0,
full_replay,0,76,0.8582347631454468,0.0194377601146698,-0.14176523685455322,on,,100,144.30052185058594,0.0,
full_replay,0,77,1.5540273189544678,0.017272556200623512,0.5540273189544678,on,,100,71.54664611816406,0.0,
full_replay,0,78,0.7697100043296814,0.024081699550151825,-0.2302899956703186,on,,100,200.7753143310547,0.0,
full_replay,0,79,0.8005443215370178,0.020042305812239647,-0.19945567846298218,on,,100,161.6892852783203,0.0,
full_replay,0,80,1.5102561712265015,0.016514234244823456,0.5102561712265015,on,,100,85.1220474243164,0.0,
full_replay,0,81,0.8108289837837219,0.021098263561725616,-0.18917101621627808,on,,100,190.8783416748047,0.0,
full_replay,0,82,0.8596411943435669,0.01979336328804493,-0.1403588056564331,on,,100,134.6420135498047,0.0,
full_replay,0,83,1.541779637336731,0.017577139660716057,0.541779637336731,on,,100,68.6456527709961,0.0,
full_replay,0,84,0.7344515323638916,0.026905490085482597,-0.2655484676361084,on,,100,179.54122924804688,0.0,
full_replay,0,85,0.8921751976013184,0.017283938825130463,-0.10782480239868164,on,,100,171.1240234375,0.0,
full_replay,0,86,1.5517833232879639,0.01626124046742916,0.5517833232879639,on,,100,75.45187377929688,0.0,
full_replay,0,87,0.7017995119094849,0.027110999450087547,-0.29820048809051514,on,,100,194.4408721923828,0.0,
full_replay,0,88,0.8644545674324036,0.017863912507891655,-0.13554543256759644,on,,100,183.31256103515625,0.0,
full_replay,0,89,1.573155164718628,0.01580077037215233,0.5731551647186279,on,,100,79.40757751464844,0.0,
full_replay,0,90,0.7826098203659058,0.023642655462026596,-0.21739017963409424,on,,100,222.49539184570312,0.0,
full_replay,0,91,0.8849383592605591,0.018701229244470596,-0.11506164073944092,on,,100,167.37994384765625,0.0,
full_replay,0,92,1.5486963987350464,0.017404044046998024,0.5486963987350464,on,,100,70.07833862304688,0.0,
full_replay,0,93,0.7646059393882751,0.02633226290345192,-0.23539406061172485,on,,100,190.5463409423828,0.0,
full_replay,0,94,0.8504704833030701,0.019155511632561684,-0.14952951669692993,on,,100,167.94659423828125,0.0,
full_replay,0,95,1.4977045059204102,0.01676994375884533,0.49770450592041016,on,,100,85.26053619384766,0.0,
full_replay,0,96,0.7735899686813354,0.024279357865452766,-0.22641003131866455,on,,100,166.8628692626953,0.0,
full_replay,0,97,0.8827121257781982,0.01796720363199711,-0.11728787422180176,on,,100,155.414794921875,0.0,
full_replay,0,98,1.6346453428268433,0.018916990607976913,0.6346453428268433,on,,100,65.86465454101562,0.0,
full_replay,0,99,0.6827409863471985,0.02805367484688759,-0.3172590136528015,on,,100,241.01394653320312,0.0,
full_replay,0,100,0.902993381023407,0.015175674110651016,-0.09700661897659302,on,,100,232.565185546875,0.0,
full_replay,1,0,1.05,0.02,0.050000000000000044,on,,0,nan,nan,
full_replay,1,1,0.4813023507595062,0.12982319295406342,-0.5186976492404938,on,,5000,21.77318572998047,0.0,
full_replay,1,2,1.8128679990768433,0.030317259952425957,0.8128679990768433,on,,100,217.9158935546875,0.0,
full_replay,1,3,0.712324321269989,0.020557541400194168,-0.287675678730011,on,,100,536.5987548828125,0.0,
full_replay,1,4,0.5764004588127136,0.017464032396674156,-0.4235995411872864,on,,100,308.13427734375,0.0,
full_replay,1,5,1.7084013223648071,0.021909087896347046,0.7084013223648071,on,,100,96.37630462646484,0.0,
full_replay,1,6,0.6712929606437683,0.020974157378077507,-0.3287070393562317,on,,100,346.70806884765625,0.0,
full_replay,1,7,0.8329729437828064,0.016981225460767746,-0.1670270562171936,on,,100,257.34222412109375,0.0,
full_replay,1,8,1.4877967834472656,0.02257155254483223,0.4877967834472656,on,,100,75.5364990234375,0.0,
full_replay,1,9,0.6925343871116638,0.027419378980994225,-0.3074656128883362,on,,100,155.03271484375,0.0,
full_replay,1,10,0.8629035353660583,0.021436356008052826,-0.13709646463394165,on,,100,176.39295959472656,0.0,
full_replay,1,11,1.5697895288467407,0.02604924701154232,0.5697895288467407,on,,100,74.37812042236328,0.0,
full_replay,1,12,0.3778371810913086,0.03362647816538811,-0.6221628189086914,on,,100,191.18653869628906,0.0,
full_replay,1,13,1.0693901777267456,0.01927889697253704,0.0693901777267456,on,,100,347.45953369140625,0.0,
full_replay,1,14,1.3790295124053955,0.019822275266051292,0.3790295124053955,on,,100,155.2877655029297,0.0,
full_replay,1,15,0.43241626024246216,0.028643805533647537,-0.5675837397575378,on,,100,116.40982055664062,0.0,
full_replay,1,16,1.2211436033248901,0.022029299288988113,0.22114360332489014,on,,100,237.22706604003906,0.0,
full_replay,1,17,1.209028959274292,0.020396631211042404,0.209028959274292,on,,100,171.14964294433594,0.0,
full_replay,1,18,0.3345833122730255,0.03116804175078869,-0.6654166877269745,on,,100,70.31895446777344,0.0,
full_replay,1,19,1.6053417921066284,0.022338991984725,0.6053417921066284,on,,100,279.873779296875,0.0,
full_replay,1,20,0.9468421936035156,0.01803775504231453,-0.053157806396484375,on,,100,373.1042785644531,0.0,
full_replay,1,21,0.48980283737182617,0.0204343032091856,-0.5101971626281738,on,,100,155.95123291015625,0.0,
full_replay,1,22,1.4972903728485107,0.019073400646448135,0.49729037284851074,on,,100,151.12196350097656,0.0,
full_replay,1,23,0.9563035368919373,0.017228228971362114,-0.043696463108062744,on,,100,245.86151123046875,0.0,
full_replay,1,24,0.6113967299461365,0.02158847264945507,-0.3886032700538635,on,,100,121.1327896118164,0.0,
full_replay,1,25,1.4916770458221436,0.0204661525785923,0.49167704582214355,on,,100,112.70641326904297,0.0,
full_replay,1,26,0.8438443541526794,0.020054355263710022,-0.15615564584732056,on,,100,211.28057861328125,0.0,
full_replay,1,27,0.788222074508667,0.021003948524594307,-0.211777925491333,on,,100,131.41224670410156,0.0,
full_replay,1,28,1.4912458658218384,0.022377105429768562,0.4912458658218384,on,,100,67.67410278320312,0.0,
full_replay,1,29,0.7807880640029907,0.02541595697402954,-0.21921193599700928,on,,100,167.88612365722656,0.0,
full_replay,1,30,0.847923994064331,0.022626686841249466,-0.15207600593566895,on,,100,148.19192504882812,0.0,
full_replay,1,31,1.5123622417449951,0.024654468521475792,0.5123622417449951,on,,100,63.77848815917969,0.0,
full_replay,1,32,0.5588147640228271,0.031789153814315796,-0.44118523597717285,on,,100,160.9944305419922,0.0,
full_replay,1,33,0.9485718607902527,0.020743394270539284,-0.051428139209747314,on,,100,235.03565979003906,0.0,
full_replay,1,34,1.4909881353378296,0.021382272243499756,0.4909881353378296,on,,100,89.64301300048828,0.0,
full_replay,1,35,0.3863963782787323,0.033634088933467865,-0.6136036217212677,on,,100,154.93228149414062,0.0,
full_replay,1,36,1.1387637853622437,0.020613623782992363,0.13876378536224365,on,,100,307.36016845703125,0.0,
full_replay,1,37,1.275709629058838,0.019240302965044975,0.2757096290588379,on,,100,164.15830993652344,0.0,
full_replay,1,38,0.3512710630893707,0.027787096798419952,-0.6487289369106293,on,,100,97.63481903076172,0.0,
full_replay,1,39,1.3458882570266724,0.020886387676000595,0.34588825702667236,on,,100,280.9083251953125,0.0,
full_replay,1,40,1.1410703659057617,0.01681264117360115,0.14107036590576172,on,,100,235.3045654296875,0.0,
full_replay,1,41,0.24261057376861572,0.02593972161412239,-0.7573894262313843,on,,100,85.93806457519531,0.0,
full_replay,1,42,1.3108928203582764,0.017217164859175682,0.31089282035827637,on,,100,345.8191223144531,0.0,
full_replay,1,43,1.1026686429977417,0.015015277080237865,0.1026686429977417,on,,100,271.75848388671875,0.0,
full_replay,1,44,0.3360537588596344,0.02152678743004799,-0.6639462411403656,on,,100,88.16134643554688,0.0,
full_replay,1,45,1.3008732795715332,0.015919484198093414,0.3008732795715332,on,,100,257.4411926269531,0.0,
full_replay,1,46,1.1219117641448975,0.01509151328355074,0.12191176414489746,on,,100,227.2001495361328,0.0,
full_replay,1,47,0.27794918417930603,0.025494078174233437,-0.722050815820694,on,,100,80.47273254394531,0.0,
full_replay,1,48,1.1549522876739502,0.016078049317002296,0.1549522876739502,on,,100,306.0301513671875,0.0,
full_replay,1,49,1.2024706602096558,0.016372600570321083,0.20247066020965576,on,,100,195.47164916992188,0.0,
full_replay,1,50,0.3627745509147644,0.026181070134043694,-0.6372254490852356,on,,100,80.90692138671875,0.0,
full_replay,1,51,1.1979814767837524,0.017400354146957397,0.19798147678375244,on,,100,244.9412078857422,0.0,
full_replay,1,52,1.1616406440734863,0.01749376207590103,0.16164064407348633,on,,100,171.4248046875,0.0,
full_replay,1,53,0.38420042395591736,0.027637304738163948,-0.6157995760440826,on,,100,82.963623046875,0.0,
full_replay,1,54,1.1995755434036255,0.019278179854154587,0.1995755434036255,on,,100,224.81069946289062,0.0,
full_replay,1,55,1.123428463935852,0.017987292259931564,0.12342846393585205,on,,100,178.4453125,0.0,
full_replay,1,56,0.33880507946014404,0.03146708756685257,-0.661194920539856,on,,100,68.15760803222656,0.0,
full_replay,1,57,1.107550859451294,0.019910495728254318,0.10755085945129395,on,,100,262.1075439453125,0.0,
full_replay,1,58,1.3155158758163452,0.021001162007451057,0.3155158758163452,on,,100,170.20863342285156,0.0,
full_replay,1,59,0.44494199752807617,0.03162934631109238,-0.5550580024719238,on,,100,121.42476654052734,0.0,
full_replay,1,60,1.089182734489441,0.018967047333717346,0.08918273448944092,on,,100,227.88430786132812,0.0,
full_replay,1,61,1.3050440549850464,0.02542509138584137,0.3050440549850464,on,,100,129.56101989746094,0.0,
full_replay,1,62,0.430576354265213,0.0378359854221344,-0.569423645734787,on,,100,101.83128356933594,0.0,
full_replay,1,63,1.0926116704940796,0.021184490993618965,0.09261167049407959,on,,100,252.98843383789062,0.0,
full_replay,1,64,1.2668204307556152,0.022307263687253,0.26682043075561523,on,,100,140.4242401123047,0.0,
full_replay,1,65,0.44837161898612976,0.034842222929000854,-0.5516283810138702,on,,100,96.71941375732422,0.0,
full_replay,1,66,1.1127853393554688,0.0209594015032053,0.11278533935546875,on,,100,218.57101440429688,0.0,
full_replay,1,67,1.185123085975647,0.022642547264695168,0.18512308597564697,on,,100,139.55880737304688,0.0,
full_replay,1,68,0.4232006371021271,0.038490984588861465,-0.5767993628978729,on,,100,71.75456237792969,0.0,
full_replay,1,69,1.1247366666793823,0.022470993921160698,0.12473666667938232,on,,100,226.23558044433594,0.0,
full_replay,1,70,1.2321363687515259,0.021220210939645767,0.23213636875152588,on,,100,151.15505981445312,0.0,
full_replay,1,71,0.4397636651992798,0.03339795023202896,-0.5602363348007202,on,,100,98.3031997680664,0.0,
full_replay,1,72,1.1302874088287354,0.021441809833049774,0.13028740882873535,on,,100,217.0992889404297,0.0,
full_replay,1,73,1.1786158084869385,0.021710926666855812,0.17861580848693848,on,,100,143.71920776367188,0.0,
full_replay,1,74,0.4108475148677826,0.039050646126270294,-0.5891524851322174,on,,100,68.1819076538086,0.0,
full_replay,1,75,1.1033424139022827,0.02227119728922844,0.10334241390228271,on,,100,225.42498779296875,0.0,
full_replay,1,76,1.217653512954712,0.023700227960944176,0.21765351295471191,on,,100,144.9021453857422,0.0,
full_replay,1,77,0.4500211477279663,0.03693138435482979,-0.5499788522720337,on,,100,82.97124481201172,0.0,
full_replay,1,78,1.0821934938430786,0.02234315127134323,0.08219349384307861,on,,100,208.01332092285156,0.0,
full_replay,1,79,1.2321199178695679,0.02502303011715412,0.23211991786956787,on,,100,121.41033172607422,0.0,
full_replay,1,80,0.45685020089149475,0.0407600961625576,-0.5431497991085052,on,,100,78.97039794921875,0.0,
full_replay,1,81,1.0837055444717407,0.02248442731797695,0.08370554447174072,on,,100,220.19818115234375,0.0,
full_replay,1,82,1.2272802591323853,0.023211458697915077,0.22728025913238525,on,,100,132.82655334472656,0.0,
full_replay,1,83,0.4483727514743805,0.03649693727493286,-0.5516272485256195,on,,100,86.13645935058594,0.0,
full_replay,1,84,1.1168001890182495,0.02207033708691597,0.11680018901824951,on,,100,198.2350311279297,0.0,
full_replay,1,85,1.2408838272094727,0.023455910384655,0.24088382720947266,on,,100,135.8874053955078,0.0,
full_replay,1,86,0.5020261406898499,0.03803635388612747,-0.49797385931015015,on,,100,94.20804595947266,0.0,
full_replay,1,87,1.1058865785598755,0.020410193130373955,0.10588657855987549,on,,100,194.4413299560547,0.0,
full_replay,1,88,1.1503459215164185,0.022093448787927628,0.15034592151641846,on,,100,119.04802703857422,0.0,
full_replay,1,89,0.41898125410079956,0.04471420869231224,-0.5810187458992004,on,,100,55.01399230957031,0.0,
full_replay,1,90,1.0567008256912231,0.02289056032896042,0.056700825691223145,on,,100,237.08555603027344,0.0,
full_replay,1,91,1.2550663948059082,0.022260617464780807,0.2550663948059082,on,,100,140.29994201660156,0.0,
full_replay,1,92,0.48133838176727295,0.03532037511467934,-0.518661618232727,on,,100,94.84678649902344,0.0,
full_replay,1,93,1.0550850629806519,0.02109515108168125,0.055085062980651855,on,,100,200.3990020751953,0.0,
full_replay,1,94,1.2795536518096924,0.028058981522917747,0.2795536518096924,on,,100,118.88553619384766,0.0,
full_replay,1,95,0.4953206181526184,0.04384955018758774,-0.5046793818473816,on,,100,98.03788757324219,0.0,
full_replay,1,96,1.0483393669128418,0.022801218554377556,0.0483393669128418,on,,100,214.57777404785156,0.0,
full_replay,1,97,1.3642948865890503,0.028230322524905205,0.3642948865890503,on,,100,115.55162048339844,0.0,
full_replay,1,98,0.5771148204803467,0.0418035052716732,-0.4228851795196533,on,,100,133.3634796142578,0.0,
full_replay,1,99,0.9337248206138611,0.01998351514339447,-0.06627517938613892,on,,100,195.6420440673828,0.0,
full_replay,1,100,1.3855563402175903,0.02527894824743271,0.38555634021759033,on,,100,83.3569107055664,0.0,
full_replay,2,0,1.05,0.02,0.050000000000000044,on,,0,nan,nan,
full_replay,2,1,0.13387174904346466,0.32715100049972534,-0.8661282509565353,on,,5000,23.142545700073242,0.0,
full_replay,2,2,1.7138724327087402,0.03960120677947998,0.7138724327087402,on,,100,557.173828125,0.001953125,
full_replay,2,3,0.7083145976066589,0.016874874010682106,-0.29168540239334106,on,,100,699.0337524414062,0.0,
full_replay,2,4,0.5383718609809875,0.016540659591555595,-0.46162813901901245,on,,100,285.5800476074219,0.0,
full_replay,2,5,1.6247824430465698,0.021251972764730453,0.6247824430465698,on,,100,104.123046875,0.0,
full_replay,2,6,0.6943443417549133,0.018593324348330498,-0.30565565824508667,on,,100,325.5988464355469,0.0,
full_replay,2,7,0.7944281101226807,0.015784351155161858,-0.20557188987731934,on,,100,219.7898406982422,0.0,
full_replay,2,8,1.4721946716308594,0.021182365715503693,0.4721946716308594,on,,100,76.31983947753906,0.0,
full_replay,2,9,0.6402516961097717,0.02505691908299923,-0.35974830389022827,on,,100,161.08998107910156,0.0,
full_replay,2,10,0.8961853384971619,0.018632235005497932,-0.10381466150283813,on,,100,177.98385620117188,0.0,
full_replay,2,11,1.4446516036987305,0.024801069870591164,0.44465160369873047,on,,100,71.20992279052734,0.0,
full_replay,2,12,0.4681653380393982,0.03028508834540844,-0.5318346619606018,on,,100,141.4330291748047,0.0,
full_replay,2,13,1.0183831453323364,0.021730422973632812,0.018383145332336426,on,,100,258.8019714355469,0.0,
full_replay,2,14,1.4940117597579956,0.022688088938593864,0.4940117597579956,on,,100,119.33993530273438,0.0,
full_replay,2,15,0.38146278262138367,0.028081128373742104,-0.6185372173786163,on,,100,169.18850708007812,0.0,
full_replay,2,16,1.063467025756836,0.019117092713713646,0.06346702575683594,on,,100,317.0411682128906,0.0,
full_replay,2,17,1.4079070091247559,0.020298415794968605,0.40790700912475586,on,,100,137.09286499023438,0.0,
full_replay,2,18,0.41526201367378235,0.02410397119820118,-0.5847379863262177,on,,100,160.4063262939453,0.0,
full_replay,2,19,1.0537751913070679,0.019352249801158905,0.05377519130706787,on,,100,258.99224853515625,0.0,
full_replay,2,20,1.4203073978424072,0.019897187128663063,0.4203073978424072,on,,100,127.95013427734375,0.0,
full_replay,2,21,0.5584778189659119,0.023631341755390167,-0.44152218103408813,on,,100,166.2900390625,0.0,
full_replay,2,22,0.9535159468650818,0.01913902349770069,-0.04648405313491821,on,,100,196.5272216796875,0.0,
full_replay,2,23,1.4311317205429077,0.022571653127670288,0.4311317205429077,on,,100,80.4960708618164,0.0,
full_replay,2,24,0.6123480796813965,0.028469622135162354,-0.3876519203186035,on,,100,148.7716522216797,0.0,
full_replay,2,25,0.9025697112083435,0.021759090945124626,-0.0974302887916565,on,,100,189.1497802734375,0.0,
full_replay,2,26,1.5775312185287476,0.024910302832722664,0.5775312185287476,on,,100,73.2853775024414,0.0,
full_replay,2,27,0.6039391756057739,0.029096253216266632,-0.3960608243942261,on,,100,249.9844512939453,0.0,
full_replay,2,28,0.7542809844017029,0.018670877441763878,-0.24571901559829712,on,,100,254.08663940429688,0.0,
full_replay,2,29,1.6178884506225586,0.020307278260588646,0.6178884506225586,on,,100,86.53084564208984,0.0,
full_replay,2,30,0.5481789112091064,0.02362905815243721,-0.45182108879089355,on,,100,270.080810546875,0.0,
full_replay,2,31,0.8307693600654602,0.015511531382799149,-0.1692306399345398,on,,100,266.9376525878906,0.0,
full_replay,2,32,1.5663089752197266,0.018902044743299484,0.5663089752197266,on,,100,97.24170684814453,0.0,
full_replay,2,33,0.6265093684196472,0.023417159914970398,-0.3734906315803528,on,,100,233.69776916503906,0.0,
full_replay,2,34,0.8310040235519409,0.017925981432199478,-0.16899597644805908,on,,100,211.69924926757812,0.0,
full_replay,2,35,1.606343150138855,0.021456310525536537,0.606343150138855,on,,100,79.19581604003906,0.0,
full_replay,2,36,0.5748768448829651,0.026499316096305847,-0.4251231551170349,on,,100,249.62899780273438,0.0,
full_replay,2,37,0.8661423921585083,0.017135702073574066,-0.1338576078414917,on,,100,253.78526306152344,0.0,
full_replay,2,38,1.5801506042480469,0.021055422723293304,0.5801506042480469,on,,100,80.41632843017578,0.0,
full_replay,2,39,0.4706287980079651,0.029214415699243546,-0.5293712019920349,on,,100,243.92640686035156,0.0,
full_replay,2,40,0.9119766354560852,0.0165683776140213,-0.0880233645439148,on,,100,296.2478332519531,0.0,
full_replay,2,41,1.5838638544082642,0.01757858507335186,0.5838638544082642,on,,100,108.1520767211914,0.0,
full_replay,2,42,0.48853975534439087,0.02563514932990074,-0.5114602446556091,on,,100,248.1678009033203,0.0,
full_replay,2,43,0.8739560842514038,0.01668292097747326,-0.1260439157485962,on,,100,276.10400390625,0.0,
full_replay,2,44,1.6718147993087769,0.017631106078624725,0.6718147993087769,on,,100,100.85816955566406,0.0,
full_replay,2,45,0.572009801864624,0.023412348702549934,-0.427990198135376,on,,100,331.38372802734375,0.0,
full_replay,2,46,0.8244128823280334,0.01541114505380392,-0.17558711767196655,on,,100,278.3912353515625,0.0,
full_replay,2,47,1.5700806379318237,0.016451532021164894,0.5700806379318237,on,,100,96.2845230102539,0.0,
full_replay,2,48,0.6209661364555359,0.02189324051141739,-0.3790338635444641,on,,100,241.66769409179688,0.0,
full_replay,2,49,0.8777353763580322,0.017550921067595482,-0.12226462364196777,on,,100,213.888671875,0.0,
full_replay,2,50,1.6278259754180908,0.02043735794723034,0.6278259754180908,on,,100,76.61483001708984,0.0,
full_replay,2,51,0.46954238414764404,0.03208242729306221,-0.530457615852356,on,,100,276.145263671875,0.0,
full_replay,2,52,0.8768444061279297,0.015559942461550236,-0.12315559387207031,on,,100,324.0281982421875,0.0,
full_replay,2,53,1.5840026140213013,0.015972677618265152,0.5840026140213013,on,,100,122.20484161376953,0.0,
full_replay,2,54,0.5316953063011169,0.023218825459480286,-0.46830469369888306,on,,100,261.9053955078125,0.0,
full_replay,2,55,0.9046285152435303,0.015273657627403736,-0.09537148475646973,on,,100,263.15386962890625,0.0,
full_replay,2,56,1.599801778793335,0.018028946593403816,0.599801778793335,on,,100,95.63972473144531,0.0,
full_replay,2,57,0.5133690237998962,0.0265338197350502,-0.48663097620010376,on,,100,257.57666015625,0.0,
full_replay,2,58,0.9143999218940735,0.015448180958628654,-0.08560007810592651,on,,100,280.4295654296875,0.0,
full_replay,2,59,1.5534775257110596,0.01648714765906334,0.5534775257110596,on,,100,104.26451110839844,0.0,
full_replay,2,60,0.49518370628356934,0.025326339527964592,-0.5048162937164307,on,,100,237.8690948486328,0.0,
full_replay,2,61,0.8928826451301575,0.01511493232101202,-0.10711735486984253,on,,100,264.51556396484375,0.0,
full_replay,2,62,1.5139927864074707,0.016417697072029114,0.5139927864074707,on,,100,95.83372497558594,0.0,
full_replay,2,63,0.5779876112937927,0.022695107385516167,-0.4220123887062073,on,,100,219.396484375,0.0,
full_replay,2,64,0.9193865060806274,0.016110805794596672,-0.08061349391937256,on,,100,217.71694946289062,0.0,
full_replay,2,65,1.485687494277954,0.018744075670838356,0.4856874942779541,on,,100,83.3241195678711,0.0,
full_replay,2,66,0.5368236899375916,0.028989745303988457,-0.46317631006240845,on,,100,180.55093383789062,0.0,
full_replay,2,67,0.9433473348617554,0.0164311733096838,-0.05665266513824463,on,,100,223.31455993652344,0.0,
full_replay,2,68,1.5133031606674194,0.018011998385190964,0.5133031606674194,on,,100,90.36432647705078,0.0,
full_replay,2,69,0.5108718276023865,0.026189250871539116,-0.4891281723976135,on,,100,202.0975341796875,0.0,
full_replay,2,70,0.921032726764679,0.0157063826918602,-0.07896727323532104,on,,100,250.76385498046875,0.0,
full_replay,2,71,1.5214922428131104,0.016815610229969025,0.5214922428131104,on,,100,100.1041488647461,0.0,
full_replay,2,72,0.47415801882743835,0.02710980921983719,-0.5258419811725616,on,,100,217.93910217285156,0.0,
full_replay,2,73,0.9291957020759583,0.015270388685166836,-0.07080429792404175,on,,100,258.7682189941406,0.0,
full_replay,2,74,1.4388028383255005,0.015478274784982204,0.4388028383255005,on,,100,105.05867004394531,0.0,
full_replay,2,75,0.5802364945411682,0.021985957399010658,-0.4197635054588318,on,,100,173.072998046875,0.0,
full_replay,2,76,0.9516511559486389,0.017749419435858727,-0.048348844051361084,on,,100,197.13546752929688,0.0,
full_replay,2,77,1.4754996299743652,0.019385796040296555,0.47549962997436523,on,,100,81.4638671875,0.0,
full_replay,2,78,0.49449360370635986,0.028293494135141373,-0.5055063962936401,on,,100,167.78323364257812,0.0,
full_replay,2,79,0.9321959018707275,0.016145681962370872,-0.06780409812927246,on,,100,246.0512237548828,0.0,
full_replay,2,80,1.5041357278823853,0.01757122203707695,0.5041357278823853,on,,100,98.50568389892578,0.0,
full_replay,2,81,0.5143018364906311,0.02400929480791092,-0.4856981635093689,on,,100,203.9590606689453,0.0,
full_replay,2,82,0.8441255688667297,0.01579965092241764,-0.15587443113327026,on,,100,242.97100830078125,0.0,
full_replay,2,83,1.6016151905059814,0.016135219484567642,0.6016151905059814,on,,100,89.81769561767578,0.0,
full_replay,2,84,0.6256372332572937,0.019628368318080902,-0.3743627667427063,on,,100,279.10064697265625,0.0,
full_replay,2,85,0.8325507640838623,0.016255313530564308,-0.1674492359161377,on,,100,233.54953002929688,0.0,
full_replay,2,86,1.5666441917419434,0.015098107978701591,0.5666441917419434,on,,100,84.71495819091797,0.0,
full_replay,2,87,0.7741473913192749,0.01848408579826355,-0.2258526086807251,on,,100,245.81272888183594,0.0,
full_replay,2,88,0.7793958783149719,0.017406832426786423,-0.22060412168502808,on,,100,166.31475830078125,0.0,
full_replay,2,89,1.4699318408966064,0.016289422288537025,0.46993184089660645,on,,100,82.69410705566406,0.0,
full_replay,2,90,0.8160539865493774,0.01921268366277218,-0.18394601345062256,on,,100,181.03977966308594,0.0,
full_replay,2,91,0.8150833249092102,0.02179574780166149,-0.1849166750907898,on,,100,128.21864318847656,0.0,
full_replay,2,92,1.4421463012695312,0.01817869208753109,0.44214630126953125,on,,100,76.22333526611328,0.0,
full_replay,2,93,0.7695308327674866,0.021910585463047028,-0.23046916723251343,on,,100,147.1068572998047,0.0,
full_replay,2,94,0.9090732336044312,0.020472969859838486,-0.09092676639556885,on,,100,133.7140655517578,0.0,
full_replay,2,95,1.4407999515533447,0.02020290307700634,0.4407999515533447,on,,100,57.21670913696289,0.0,
full_replay,2,96,0.6463481783866882,0.029150940477848053,-0.35365182161331177,on,,100,134.8813018798828,0.0,
full_replay,2,97,0.9078032970428467,0.01774664595723152,-0.09219670295715332,on,,100,176.49501037597656,0.0,
full_replay,2,98,1.5437291860580444,0.017195632681250572,0.5437291860580444,on,,100,75.53254699707031,0.0,
full_replay,2,99,0.5838422775268555,0.024464285001158714,-0.41615772247314453,on,,100,203.213623046875,0.0,
full_replay,2,100,0.905839741230011,0.015087209641933441,-0.09416025876998901,on,,100,231.82742309570312,0.0,
full_no_replay_damped_050,0,0,1.05,0.02,0.050000000000000044,off,0.5,0,nan,nan,
full_no_replay_damped_050,0,1,0.6893976330757141,0.07416501641273499,-0.3106023669242859,off,0.5,5000,22.848234176635742,0.0,
full_no_replay_damped_050,0,2,1.4541280269622803,0.037190020084381104,0.4541280269622803,off,0.5,100,150.8965606689453,0.0,
full_no_replay_damped_050,0,3,0.8942669630050659,0.034273914992809296,-0.10573303699493408,off,0.5,100,229.24798583984375,0.0,
full_no_replay_damped_050,0,4,1.1562495231628418,0.03508633375167847,0.1562495231628418,off,0.5,100,46.41090774536133,0.0,
full_no_replay_damped_050,0,5,0.6971072554588318,0.037698980420827866,-0.3028927445411682,off,0.5,100,53.63177490234375,0.0,
full_no_replay_damped_050,0,6,1.2436422109603882,0.029700525104999542,0.24364221096038818,off,0.5,100,102.37340545654297,0.0,
full_no_replay_damped_050,0,7,0.6628396511077881,0.03270893916487694,-0.3371603488922119,off,0.5,100,72.37814331054688,0.0,
full_no_replay_damped_050,0,8,1.234390377998352,0.02703777514398098,0.23439037799835205,off,0.5,100,113.45719146728516,0.0,
full_no_replay_damped_050,0,9,0.6525214910507202,0.030691564083099365,-0.3474785089492798,off,0.5,100,72.49609375,0.0,
full_no_replay_damped_050,0,10,1.2373883724212646,0.027440575882792473,0.23738837242126465,off,0.5,100,108.3075942993164,0.0,
full_no_replay_damped_050,0,11,0.6584468483924866,0.031168757006525993,-0.3415531516075134,off,0.5,100,73.07250213623047,0.0,
full_no_replay_damped_050,0,12,1.270479679107666,0.027367541566491127,0.270479679107666,off,0.5,100,123.83727264404297,0.0,
full_no_replay_damped_050,0,13,0.6294928193092346,0.03047149069607258,-0.3705071806907654,off,0.5,100,74.34538269042969,0.0,
full_no_replay_damped_050,0,14,1.2968690395355225,0.026826251298189163,0.29686903953552246,off,0.5,100,139.73361206054688,0.0,
full_no_replay_damped_050,0,15,0.6468802690505981,0.029682442545890808,-0.35311973094940186,off,0.5,100,93.31431579589844,0.0,
full_no_replay_damped_050,0,16,1.27713942527771,0.02655157446861267,0.27713942527770996,off,0.5,100,122.25679779052734,0.0,
full_no_replay_damped_050,0,17,0.6345179677009583,0.03059254214167595,-0.36548203229904175,off,0.5,100,86.39453887939453,0.0,
full_no_replay_damped_050,0,18,1.3235946893692017,0.0279072318226099,0.32359468936920166,off,0.5,100,129.452392578125,0.0,
full_no_replay_damped_050,0,19,0.5914291739463806,0.031039301306009293,-0.4085708260536194,off,0.5,100,99.77542877197266,0.0,
full_no_replay_damped_050,0,20,1.3467564582824707,0.02697918750345707,0.3467564582824707,off,0.5,100,160.12753295898438,0.0,
full_no_replay_damped_050,0,21,0.5987623929977417,0.03078685887157917,-0.4012376070022583,off,0.5,100,96.44918060302734,0.0,
full_no_replay_damped_050,0,22,1.3919076919555664,0.027155831456184387,0.3919076919555664,off,0.5,100,160.26217651367188,0.0,
full_no_replay_damped_050,0,23,0.5945953130722046,0.03079184517264366,-0.4054046869277954,off,0.5,100,116.99970245361328,0.0,
full_no_replay_damped_050,0,24,1.410913348197937,0.027740105986595154,0.410913348197937,off,0.5,100,150.9391326904297,0.0,
full_no_replay_damped_050,0,25,0.5625394582748413,0.03184357285499573,-0.4374605417251587,off,0.5,100,126.20195007324219,0.0,
full_no_replay_damped_050,0,26,1.4366347789764404,0.026798253878951073,0.43663477897644043,off,0.5,100,189.38038635253906,0.0,
full_no_replay_damped_050,0,27,0.5877633690834045,0.03137221559882164,-0.41223663091659546,off,0.5,100,128.33543395996094,0.0,
full_no_replay_damped_050,0,28,1.4386372566223145,0.028210245072841644,0.43863725662231445,off,0.5,100,161.74134826660156,0.0,
full_no_replay_damped_050,0,29,0.5501197576522827,0.0337270125746727,-0.4498802423477173,off,0.5,100,123.44402313232422,0.0,
full_no_replay_damped_050,0,30,1.5088404417037964,0.02830023132264614,0.5088404417037964,off,0.5,100,191.5950927734375,0.0,
full_no_replay_damped_050,0,31,0.5102551579475403,0.03415878862142563,-0.4897448420524597,off,0.5,100,152.30740356445312,0.0,
full_no_replay_damped_050,0,32,1.5534175634384155,0.027621526271104813,0.5534175634384155,off,0.5,100,226.85281372070312,0.0,
full_no_replay_damped_050,0,33,0.5598958134651184,0.030765390023589134,-0.4401041865348816,off,0.5,100,191.5396270751953,0.0,
full_no_replay_damped_050,0,34,1.4764796495437622,0.02760695107281208,0.4764796495437622,off,0.5,100,194.02894592285156,0.0,
full_no_replay_damped_050,0,35,0.5903723239898682,0.033689387142658234,-0.40962767601013184,off,0.5,100,125.69619750976562,0.0,
full_no_replay_damped_050,0,36,1.4695353507995605,0.029612673446536064,0.46953535079956055,off,0.5,100,163.47190856933594,0.0,
full_no_replay_damped_050,0,37,0.6169703602790833,0.03580868989229202,-0.38302963972091675,off,0.5,100,128.3041534423828,0.0,
full_no_replay_damped_050,0,38,1.5234041213989258,0.0315961129963398,0.5234041213989258,off,0.5,100,147.2720947265625,0.0,
full_no_replay_damped_050,0,39,0.5055904984474182,0.03846808522939682,-0.4944095015525818,off,0.5,100,157.20571899414062,0.0,
full_no_replay_damped_050,0,40,1.674678921699524,0.030062710866332054,0.6746789216995239,off,0.5,100,223.5055389404297,0.0,
full_no_replay_damped_050,0,41,0.4845319390296936,0.03480369225144386,-0.5154680609703064,off,0.5,100,297.2860107421875,0.0,
full_no_replay_damped_050,0,42,1.5918997526168823,0.028559381142258644,0.5918997526168823,off,0.5,100,265.63189697265625,0.0,
full_no_replay_damped_050,0,43,0.5898425579071045,0.03307066485285759,-0.4101574420928955,off,0.5,100,210.73992919921875,0.0,
full_no_replay_damped_050,0,44,1.5173531770706177,0.03093876875936985,0.5173531770706177,off,0.5,100,144.74386596679688,0.0,
full_no_replay_damped_050,0,45,0.605647087097168,0.03638928756117821,-0.39435291290283203,off,0.5,100,158.85365295410156,0.0,
full_no_replay_damped_050,0,46,1.532345175743103,0.03270506113767624,0.532345175743103,off,0.5,100,151.77828979492188,0.0,
full_no_replay_damped_050,0,47,0.5113796591758728,0.04098144546151161,-0.4886203408241272,off,0.5,100,178.24354553222656,0.0,
full_no_replay_damped_050,0,48,1.6555886268615723,0.030596591532230377,0.6555886268615723,off,0.5,100,195.823974609375,0.0,
full_no_replay_damped_050,0,49,0.4337873160839081,0.038635555654764175,-0.5662126839160919,off,0.5,100,251.6240997314453,0.0,
full_no_replay_damped_050,0,50,1.7142037153244019,0.029232880100607872,0.7142037153244019,off,0.5,100,291.639404296875,0.0,
full_no_replay_damped_050,0,51,0.4996238350868225,0.03295283764600754,-0.5003761649131775,off,0.5,100,337.5142822265625,0.0,
full_no_replay_damped_050,0,52,1.6019201278686523,0.027835702523589134,0.6019201278686523,off,0.5,100,238.955810546875,0.0,
full_no_replay_damped_050,0,53,0.626019299030304,0.03424489125609398,-0.37398070096969604,off,0.5,100,193.77825927734375,0.0,
full_no_replay_damped_050,0,54,1.553054928779602,0.030842754989862442,0.553054928779602,off,0.5,100,127.57793426513672,0.0,
full_no_replay_damped_050,0,55,0.649591326713562,0.03645406290888786,-0.350408673286438,off,0.5,100,189.40374755859375,0.0,
full_no_replay_damped_050,0,56,1.4812414646148682,0.03279546648263931,0.48124146461486816,off,0.5,100,113.14796447753906,0.0,
full_no_replay_damped_050,0,57,0.5955609083175659,0.09032032638788223,-0.4044390916824341,off,0.5,100,130.0906219482422,0.0,
full_no_replay_damped_050,0,58,1.6090766191482544,0.03332553803920746,0.6090766191482544,off,0.5,100,154.1444854736328,0.001953125,
full_no_replay_damped_050,0,59,0.18633992969989777,1.0521347522735596,-0.8136600703001022,off,0.5,100,216.7334747314453,0.0,
full_no_replay_damped_050,0,60,1.8302617073059082,0.02904978021979332,0.8302617073059082,off,0.5,100,675.5380859375,0.0234375,
full_no_replay_damped_050,0,61,0.6441622972488403,0.030988922342658043,-0.35583770275115967,off,0.5,100,563.0868530273438,0.0,
full_no_replay_damped_050,0,62,1.5260629653930664,0.029317369684576988,0.5260629653930664,off,0.5,100,141.87521362304688,0.0,
full_no_replay_damped_050,0,63,0.6770948767662048,0.03539165481925011,-0.32290512323379517,off,0.5,100,164.46054077148438,0.0,
full_no_replay_damped_050,0,64,1.494720458984375,0.03298475220799446,0.494720458984375,off,0.5,100,102.76046752929688,0.0,
full_no_replay_damped_050,0,65,0.5081197023391724,0.15405377745628357,-0.49188029766082764,off,0.5,100,142.5900115966797,0.0,
full_no_replay_damped_050,0,66,1.7434749603271484,0.03035937435925007,0.7434749603271484,off,0.5,100,252.6366424560547,0.00390625,
full_no_replay_damped_050,0,67,0.2521732747554779,0.13379403948783875,-0.7478267252445221,off,0.5,100,330.09466552734375,0.0,
full_no_replay_damped_050,0,68,1.742827296257019,0.026702813804149628,0.742827296257019,off,0.5,100,562.352294921875,0.001953125,
full_no_replay_damped_050,0,69,0.552507221698761,0.03136004880070686,-0.447492778301239,off,0.5,100,421.4021911621094,0.0,
full_no_replay_damped_050,0,70,1.5273748636245728,0.027378374710679054,0.5273748636245728,off,0.5,100,178.041748046875,0.0,
full_no_replay_damped_050,0,71,0.6563720107078552,0.03335626795887947,-0.3436279892921448,off,0.5,100,157.60626220703125,0.0,
full_no_replay_damped_050,0,72,1.5315883159637451,0.030257025733590126,0.5315883159637451,off,0.5,100,107.87744140625,0.0,
full_no_replay_damped_050,0,73,0.5876559019088745,0.03785629943013191,-0.4123440980911255,off,0.5,100,159.9381561279297,0.0,
full_no_replay_damped_050,0,74,1.6043888330459595,0.03080078773200512,0.6043888330459595,off,0.5,100,137.39012145996094,0.0,
full_no_replay_damped_050,0,75,0.4233523905277252,0.28291723132133484,-0.5766476094722748,off,0.5,100,201.0594024658203,0.0,
full_no_replay_damped_050,0,76,1.7728484869003296,0.027788840234279633,0.7728484869003296,off,0.5,100,355.6159362792969,0.01171875,
full_no_replay_damped_050,0,77,0.3622837960720062,0.036546871066093445,-0.6377162039279938,off,0.5,100,387.94329833984375,0.0,
full_no_replay_damped_050,0,78,1.7702997922897339,0.025546319782733917,0.7702997922897339,off,0.5,100,326.5877380371094,0.0,
full_no_replay_damped_050,0,79,0.46876031160354614,0.03255389258265495,-0.5312396883964539,off,0.5,100,366.5655517578125,0.0,
full_no_replay_damped_050,0,80,1.6856281757354736,0.026732873171567917,0.6856281757354736,off,0.5,100,199.46104431152344,0.0,
full_no_replay_damped_050,0,81,0.5259279608726501,0.03459758311510086,-0.47407203912734985,off,0.5,100,261.6859436035156,0.0,
full_no_replay_damped_050,0,82,1.6134076118469238,0.0272930059581995,0.6134076118469238,off,0.5,100,158.71450805664062,0.0,
full_no_replay_damped_050,0,83,0.5839865803718567,0.0348532572388649,-0.4160134196281433,off,0.5,100,210.8709259033203,0.0,
full_no_replay_damped_050,0,84,1.629248857498169,0.028375402092933655,0.629248857498169,off,0.5,100,140.539306640625,0.001953125,
full_no_replay_damped_050,0,85,0.5607466101646423,0.044600073248147964,-0.43925338983535767,off,0.5,100,215.82186889648438,0.0,
full_no_replay_damped_050,0,86,1.6520583629608154,0.02806360088288784,0.6520583629608154,off,0.5,100,152.94541931152344,0.0,
full_no_replay_damped_050,0,87,0.4912818372249603,0.05039523169398308,-0.5087181627750397,off,0.5,100,265.16705322265625,0.0,
full_no_replay_damped_050,0,88,1.6713701486587524,0.027859313413500786,0.6713701486587524,off,0.5,100,175.6533203125,0.0,
full_no_replay_damped_050,0,89,0.4147084951400757,0.09806270897388458,-0.5852915048599243,off,0.5,100,244.32492065429688,0.0,
full_no_replay_damped_050,0,90,1.7172191143035889,0.027006981894373894,0.7172191143035889,off,0.5,100,267.3975830078125,0.001953125,
full_no_replay_damped_050,0,91,0.48637548089027405,0.03554897382855415,-0.513624519109726,off,0.5,100,278.6939392089844,0.0,
full_no_replay_damped_050,0,92,1.677650809288025,0.02607479877769947,0.6776508092880249,off,0.5,100,184.08914184570312,0.0,
full_no_replay_damped_050,0,93,0.6087816953659058,0.033787671476602554,-0.39121830463409424,off,0.5,100,281.6514892578125,0.0,
full_no_replay_damped_050,0,94,1.5519685745239258,0.027839994058012962,0.5519685745239258,off,0.5,100,115.69210052490234,0.0,
full_no_replay_damped_050,0,95,0.5683007836341858,0.14592766761779785,-0.4316992163658142,off,0.5,100,141.8206024169922,0.0,
full_no_replay_damped_050,0,96,1.6075608730316162,0.028054336085915565,0.6075608730316162,off,0.5,100,209.17361450195312,0.005859375,
full_no_replay_damped_050,0,97,0.5766987800598145,0.03537217527627945,-0.42330121994018555,off,0.5,100,217.16416931152344,0.0,
full_no_replay_damped_050,0,98,1.5783888101577759,0.029642334207892418,0.5783888101577759,off,0.5,100,121.25360870361328,0.0,
full_no_replay_damped_050,0,99,0.5994997024536133,0.04094284027814865,-0.4005002975463867,off,0.5,100,182.0635528564453,0.0,
full_no_replay_damped_050,0,100,1.6519237756729126,0.029285717755556107,0.6519237756729126,off,0.5,100,131.66917419433594,0.0,
full_no_replay_damped_050,1,0,1.05,0.02,0.050000000000000044,off,0.5,0,nan,nan,
full_no_replay_damped_050,1,1,0.4813023507595062,0.12982319295406342,-0.5186976492404938,off,0.5,5000,21.77318572998047,0.0,
full_no_replay_damped_050,1,2,1.5375902652740479,0.03568847104907036,0.5375902652740479,off,0.5,100,384.39312744140625,0.0,
full_no_replay_damped_050,1,3,0.8090569972991943,0.047945696860551834,-0.19094300270080566,off,0.5,100,325.69903564453125,0.0,
full_no_replay_damped_050,1,4,1.2294483184814453,0.032018888741731644,0.2294483184814453,off,0.5,100,68.56404876708984,0.0,
full_no_replay_damped_050,1,5,0.49212899804115295,0.060806166380643845,-0.507871001958847,off,0.5,100,73.01973724365234,0.0,
full_no_replay_damped_050,1,6,1.2204110622406006,0.027886169031262398,0.22041106224060059,off,0.5,100,327.7914733886719,0.0,
full_no_replay_damped_050,1,7,0.5272240042686462,0.05247269198298454,-0.47277599573135376,off,0.5,100,62.65491485595703,0.0,
full_no_replay_damped_050,1,8,1.2610621452331543,0.025447869673371315,0.2610621452331543,off,0.5,100,266.9442138671875,0.0,
full_no_replay_damped_050,1,9,0.5390156507492065,0.0453605093061924,-0.46098434925079346,off,0.5,100,72.56986999511719,0.0,
full_no_replay_damped_050,1,10,1.2808016538619995,0.02257598005235195,0.2808016538619995,off,0.5,100,253.36924743652344,0.0,
full_no_replay_damped_050,1,11,0.5336917638778687,0.042601004242897034,-0.46630823612213135,off,0.5,100,78.51616668701172,0.0,
full_no_replay_damped_050,1,12,1.2950122356414795,0.02145901881158352,0.2950122356414795,off,0.5,100,255.37030029296875,0.0,
full_no_replay_damped_050,1,13,0.5164148211479187,0.040585700422525406,-0.4835851788520813,off,0.5,100,76.5998306274414,0.0,
full_no_replay_damped_050,1,14,1.3079423904418945,0.02010342665016651,0.30794239044189453,off,0.5,100,273.1775817871094,0.0,
full_no_replay_damped_050,1,15,0.49470898509025574,0.03911305218935013,-0.5052910149097443,off,0.5,100,71.0093994140625,0.0,
full_no_replay_damped_050,1,16,1.312880277633667,0.01891346462070942,0.312880277633667,off,0.5,100,289.2905578613281,0.0,
full_no_replay_damped_050,1,17,0.47300243377685547,0.039011865854263306,-0.5269975662231445,off,0.5,100,70.91292572021484,0.0,
full_no_replay_damped_050,1,18,1.341139316558838,0.018038539215922356,0.3411393165588379,off,0.5,100,322.3631591796875,0.0,
full_no_replay_damped_050,1,19,0.4451484978199005,0.03865019604563713,-0.5548515021800995,off,0.5,100,77.5790786743164,0.0,
full_no_replay_damped_050,1,20,1.3448035717010498,0.017314206808805466,0.3448035717010498,off,0.5,100,348.4132995605469,0.0,
full_no_replay_damped_050,1,21,0.4455592632293701,0.036918092519044876,-0.5544407367706299,off,0.5,100,74.2235107421875,0.0,
full_no_replay_damped_050,1,22,1.3600133657455444,0.01710676960647106,0.36001336574554443,off,0.5,100,346.4513244628906,0.0,
full_no_replay_damped_050,1,23,0.46287959814071655,0.03437742590904236,-0.5371204018592834,off,0.5,100,82.54568481445312,0.0,
full_no_replay_damped_050,1,24,1.383778691291809,0.01682390831410885,0.3837786912918091,off,0.5,100,326.31756591796875,0.0,
full_no_replay_damped_050,1,25,0.46064892411231995,0.0354510061442852,-0.53935107588768,off,0.5,100,80.71046447753906,0.0,
full_no_replay_damped_050,1,26,1.3944265842437744,0.017124496400356293,0.3944265842437744,off,0.5,100,314.8312072753906,0.0,
full_no_replay_damped_050,1,27,0.47593915462493896,0.034411296248435974,-0.524060845375061,off,0.5,100,87.52651977539062,0.0,
full_no_replay_damped_050,1,28,1.3926124572753906,0.016803793609142303,0.3926124572753906,off,0.5,100,306.3779296875,0.0,
full_no_replay_damped_050,1,29,0.5622931122779846,0.028831377625465393,-0.4377068877220154,off,0.5,100,89.00443267822266,0.0,
full_no_replay_damped_050,1,30,1.3390318155288696,0.017986007034778595,0.33903181552886963,off,0.5,100,215.23887634277344,0.0,
full_no_replay_damped_050,1,31,0.566175103187561,0.030923116952180862,-0.43382489681243896,off,0.5,100,63.05573272705078,0.0,
full_no_replay_damped_050,1,32,1.33436918258667,0.019225629046559334,0.3343691825866699,off,0.5,100,217.81851196289062,0.0,
full_no_replay_damped_050,1,33,0.5595279335975647,0.03240066394209862,-0.4404720664024353,off,0.5,100,68.92156982421875,0.0,
full_no_replay_damped_050,1,34,1.3611129522323608,0.01875065080821514,0.36111295223236084,off,0.5,100,191.04653930664062,0.0,
full_no_replay_damped_050,1,35,0.5642370581626892,0.03365187719464302,-0.4357629418373108,off,0.5,100,83.76942443847656,0.0,
full_no_replay_damped_050,1,36,1.353833794593811,0.019907161593437195,0.35383379459381104,off,0.5,100,179.02415466308594,0.0,
full_no_replay_damped_050,1,37,0.5257353782653809,0.03575620427727699,-0.47426462173461914,off,0.5,100,80.89729309082031,0.0,
full_no_replay_damped_050,1,38,1.3620390892028809,0.020153479650616646,0.36203908920288086,off,0.5,100,223.8623809814453,0.0,
full_no_replay_damped_050,1,39,0.565223753452301,0.033720094710588455,-0.434776246547699,off,0.5,100,88.55888366699219,0.0,
full_no_replay_damped_050,1,40,1.354292392730713,0.020465167239308357,0.3542923927307129,off,0.5,100,179.09034729003906,0.0,
full_no_replay_damped_050,1,41,0.6004915237426758,0.032655421644449234,-0.3995084762573242,off,0.5,100,93.55891418457031,0.0,
full_no_replay_damped_050,1,42,1.3592169284820557,0.021164046600461006,0.35921692848205566,off,0.5,100,151.33050537109375,0.0,
full_no_replay_damped_050,1,43,0.5858157277107239,0.034370195120573044,-0.4141842722892761,off,0.5,100,92.52326202392578,0.0,
full_no_replay_damped_050,1,44,1.383591890335083,0.021794894710183144,0.383591890335083,off,0.5,100,154.0859375,0.0,
full_no_replay_damped_050,1,45,0.5600700378417969,0.03695829212665558,-0.4399299621582031,off,0.5,100,107.38619232177734,0.0,
full_no_replay_damped_050,1,46,1.4381972551345825,0.021441256627440453,0.4381972551345825,off,0.5,100,190.3023223876953,0.0,
full_no_replay_damped_050,1,47,0.44594573974609375,0.045148201286792755,-0.5540542602539062,off,0.5,100,141.8687744140625,0.0,
full_no_replay_damped_050,1,48,1.4065423011779785,0.020304789766669273,0.4065423011779785,off,0.5,100,303.7308654785156,0.0,
full_no_replay_damped_050,1,49,0.6311291456222534,0.03110288642346859,-0.3688708543777466,off,0.5,100,130.63467407226562,0.0,
full_no_replay_damped_050,1,50,1.376217007637024,0.02177179977297783,0.3762170076370239,off,0.5,100,124.8691635131836,0.0,
full_no_replay_damped_050,1,51,0.624072790145874,0.033542923629283905,-0.375927209854126,off,0.5,100,96.69852447509766,0.0,
full_no_replay_damped_050,1,52,1.4145139455795288,0.022170696407556534,0.4145139455795288,off,0.5,100,138.57835388183594,0.0,
full_no_replay_damped_050,1,53,0.5173130631446838,0.041852302849292755,-0.48268693685531616,off,0.5,100,118.21662902832031,0.0,
full_no_replay_damped_050,1,54,1.4827802181243896,0.02158045768737793,0.48278021812438965,off,0.5,100,195.02833557128906,0.0,
full_no_replay_damped_050,1,55,0.26558423042297363,0.07621423155069351,-0.7344157695770264,off,0.5,100,162.55154418945312,0.0,
full_no_replay_damped_050,1,56,1.4939364194869995,0.020015880465507507,0.4939364194869995,off,0.5,100,513.285400390625,0.0,
full_no_replay_damped_050,1,57,0.5751305818557739,0.03228343650698662,-0.4248694181442261,off,0.5,100,193.79296875,0.0,
full_no_replay_damped_050,1,58,1.464725375175476,0.020248528569936752,0.4647253751754761,off,0.5,100,154.87782287597656,0.0,
full_no_replay_damped_050,1,59,0.5916517376899719,0.03691153973340988,-0.4083482623100281,off,0.5,100,146.3910369873047,0.0,
full_no_replay_damped_050,1,60,1.5162231922149658,0.02221510000526905,0.5162231922149658,off,0.5,100,136.6678924560547,0.0,
full_no_replay_damped_050,1,61,0.18592995405197144,0.1110968366265297,-0.8140700459480286,off,0.5,100,177.645263671875,0.0,
full_no_replay_damped_050,1,62,1.637393593788147,0.01981465518474579,0.637393593788147,off,0.5,100,551.7886352539062,0.0,
full_no_replay_damped_050,1,63,0.5151393413543701,0.03646765649318695,-0.4848606586456299,off,0.5,100,339.8913269042969,0.0,
full_no_replay_damped_050,1,64,1.4699695110321045,0.019577594473958015,0.4699695110321045,off,0.5,100,221.1533203125,0.0,
full_no_replay_damped_050,1,65,0.4734487235546112,0.04592054337263107,-0.5265512764453888,off,0.5,100,104.3575439453125,0.0,
full_no_replay_damped_050,1,66,1.5826133489608765,0.019869588315486908,0.5826133489608765,off,0.5,100,252.7109832763672,0.0,
full_no_replay_damped_050,1,67,0.25861677527427673,0.06823015958070755,-0.7413832247257233,off,0.5,100,209.031005859375,0.0,
full_no_replay_damped_050,1,68,1.7053015232086182,0.01828216202557087,0.7053015232086182,off,0.5,100,417.4573974609375,0.0,
full_no_replay_damped_050,1,69,0.4327738881111145,0.03496171161532402,-0.5672261118888855,off,0.5,100,403.35211181640625,0.0,
full_no_replay_damped_050,1,70,1.52891206741333,0.01814042404294014,0.5289120674133301,off,0.5,100,300.5762634277344,0.0,
full_no_replay_damped_050,1,71,0.6271198391914368,0.02877104841172695,-0.37288016080856323,off,0.5,100,155.423828125,0.0,
full_no_replay_damped_050,1,72,1.4361428022384644,0.020733192563056946,0.43614280223846436,off,0.5,100,132.50765991210938,0.0,
full_no_replay_damped_050,1,73,0.6023255586624146,0.035291437059640884,-0.39767444133758545,off,0.5,100,99.47978210449219,0.0,
full_no_replay_damped_050,1,74,1.5448251962661743,0.022291820496320724,0.5448251962661743,off,0.5,100,127.8945541381836,0.0,
full_no_replay_damped_050,1,75,0.09409042447805405,0.13370764255523682,-0.905909575521946,off,0.5,100,164.33596801757812,0.0,
full_no_replay_damped_050,1,76,1.7880792617797852,0.01967235654592514,0.7880792617797852,off,0.5,100,700.6934204101562,0.0,
full_no_replay_damped_050,1,77,0.36559492349624634,0.045327309519052505,-0.6344050765037537,off,0.5,100,551.0949096679688,0.0,
full_no_replay_damped_050,1,78,1.714465856552124,0.01830330863595009,0.714465856552124,off,0.5,100,324.1385498046875,0.0,
full_no_replay_damped_050,1,79,0.18560951948165894,0.05594105273485184,-0.8143904805183411,off,0.5,100,317.18505859375,0.0,
full_no_replay_damped_050,1,80,1.8301570415496826,0.01647915691137314,0.8301570415496826,off,0.5,100,409.138427734375,0.0,
full_no_replay_damped_050,1,81,0.0361110121011734,0.05389710143208504,-0.9638889878988266,off,0.5,100,467.9342956542969,0.0,
full_no_replay_damped_050,1,82,1.8160167932510376,0.015907298773527145,0.8160167932510376,off,0.5,100,631.5238037109375,0.0,
full_no_replay_damped_050,1,83,0.35246503353118896,0.02975812368094921,-0.647534966468811,off,0.5,100,563.0552978515625,0.0,
full_no_replay_damped_050,1,84,1.5574419498443604,0.016399258747696877,0.5574419498443604,off,0.5,100,243.18663024902344,0.0,
full_no_replay_damped_050,1,85,0.7104842066764832,0.025481780990958214,-0.28951579332351685,off,0.5,100,193.28880310058594,0.0,
full_no_replay_damped_050,1,86,1.2417426109313965,0.0222889743745327,0.24174261093139648,off,0.5,100,73.2442855834961,0.0,
full_no_replay_damped_050,1,87,0.9280812740325928,0.030495665967464447,-0.07191872596740723,off,0.5,100,42.45541763305664,0.0,
full_no_replay_damped_050,1,88,1.053762435913086,0.03210332617163658,0.05376243591308594,off,0.5,100,42.35622787475586,0.0,
full_no_replay_damped_050,1,89,0.990622341632843,0.03952348604798317,-0.009377658367156982,off,0.5,100,37.566246032714844,0.0,
full_no_replay_damped_050,1,90,1.0693774223327637,0.03959818184375763,0.06937742233276367,off,0.5,100,45.3215217590332,0.0,
full_no_replay_damped_050,1,91,0.9248241186141968,0.04819309338927269,-0.07517588138580322,off,0.5,100,44.669715881347656,0.0,
full_no_replay_damped_050,1,92,1.1283299922943115,0.039984330534935,0.12832999229431152,off,0.5,100,53.39603805541992,0.0,
full_no_replay_damped_050,1,93,0.8043537139892578,0.05993175134062767,-0.1956462860107422,off,0.5,100,48.33757781982422,0.0,
full_no_replay_damped_050,1,94,1.258411169052124,0.03678491339087486,0.258411169052124,off,0.5,100,75.7919692993164,0.0,
full_no_replay_damped_050,1,95,-0.2210896909236908,0.5578798651695251,-1.2210896909236908,off,0.5,100,64.28936004638672,0.0,
full_no_replay_damped_050,1,96,2.34883975982666,0.02258639596402645,1.3488397598266602,off,0.5,100,1424.9583740234375,0.033203125,
full_no_replay_damped_050,1,97,0.2963148355484009,0.0948501005768776,-0.7036851644515991,off,0.5,100,2012.458740234375,0.0,
full_no_replay_damped_050,1,98,1.7986279726028442,0.02210124023258686,0.7986279726028442,off,0.5,100,342.2051086425781,0.0,
full_no_replay_damped_050,1,99,-4.3795905113220215,0.226021870970726,-5.3795905113220215,off,0.5,100,410.29351806640625,0.0,
full_no_replay_damped_050,1,100,1.9288464784622192,0.01847384124994278,0.9288464784622192,off,0.5,100,7392.3671875,1.0,
full_no_replay_damped_050,2,0,1.05,0.02,0.050000000000000044,off,0.5,0,nan,nan,
full_no_replay_damped_050,2,1,0.13387174904346466,0.32715100049972534,-0.8661282509565353,off,0.5,5000,23.142545700073242,0.0,
full_no_replay_damped_050,2,2,1.1930155754089355,0.05266662687063217,0.19301557540893555,off,0.5,100,1073.5028076171875,0.001953125,
full_no_replay_damped_050,2,3,0.4000951647758484,0.12740014493465424,-0.5999048352241516,off,0.5,100,80.89352416992188,0.0,
full_no_replay_damped_050,2,4,1.2633821964263916,0.042495694011449814,0.2633821964263916,off,0.5,100,460.6428527832031,0.0,
full_no_replay_damped_050,2,5,0.4977165162563324,0.07854975759983063,-0.5022834837436676,off,0.5,100,86.36112976074219,0.0,
full_no_replay_damped_050,2,6,1.388295292854309,0.03651372715830803,0.3882952928543091,off,0.5,100,343.4576416015625,0.0,
full_no_replay_damped_050,2,7,0.5371043682098389,0.05303127318620682,-0.46289563179016113,off,0.5,100,151.13075256347656,0.0,
full_no_replay_damped_050,2,8,1.4284759759902954,0.030460083857178688,0.4284759759902954,off,0.5,100,247.41677856445312,0.0,
full_no_replay_damped_050,2,9,0.549196183681488,0.043372057378292084,-0.45080381631851196,off,0.5,100,163.47666931152344,0.0,
full_no_replay_damped_050,2,10,1.3964738845825195,0.02617585100233555,0.39647388458251953,off,0.5,100,229.95437622070312,0.0,
full_no_replay_damped_050,2,11,0.5254499316215515,0.036516621708869934,-0.4745500683784485,off,0.5,100,126.71591186523438,0.0,
full_no_replay_damped_050,2,12,1.3676214218139648,0.02313029207289219,0.36762142181396484,off,0.5,100,246.7725067138672,0.0,
full_no_replay_damped_050,2,13,0.5251039862632751,0.03190213441848755,-0.47489601373672485,off,0.5,100,104.80038452148438,0.0,
full_no_replay_damped_050,2,14,1.3810579776763916,0.02111785300076008,0.3810579776763916,off,0.5,100,246.8563232421875,0.0,
full_no_replay_damped_050,2,15,0.5533447265625,0.02847590111196041,-0.4466552734375,off,0.5,100,101.64092254638672,0.0,
full_no_replay_damped_050,2,16,1.4129669666290283,0.020876336842775345,0.4129669666290283,off,0.5,100,207.403564453125,0.0,
full_no_replay_damped_050,2,17,0.575976550579071,0.027960360050201416,-0.42402344942092896,off,0.5,100,106.8272705078125,0.0,
full_no_replay_damped_050,2,18,1.3912851810455322,0.021715307608246803,0.3912851810455322,off,0.5,100,182.64991760253906,0.0,
full_no_replay_damped_050,2,19,0.5742799639701843,0.02912284806370735,-0.4257200360298157,off,0.5,100,93.60990142822266,0.0,
full_no_replay_damped_050,2,20,1.404293417930603,0.02135026641190052,0.404293417930603,off,0.5,100,179.05917358398438,0.0,
full_no_replay_damped_050,2,21,0.5963599681854248,0.028817983344197273,-0.4036400318145752,off,0.5,100,105.58241271972656,0.0,
full_no_replay_damped_050,2,22,1.4043670892715454,0.02225617691874504,0.4043670892715454,off,0.5,100,165.84503173828125,0.0,
full_no_replay_damped_050,2,23,0.6086848378181458,0.02837962657213211,-0.39131516218185425,off,0.5,100,104.35313415527344,0.0,
full_no_replay_damped_050,2,24,1.4107483625411987,0.023143529891967773,0.41074836254119873,off,0.5,100,141.64300537109375,0.0,
full_no_replay_damped_050,2,25,0.6266703009605408,0.029546603560447693,-0.37332969903945923,off,0.5,100,106.27293395996094,0.0,
full_no_replay_damped_050,2,26,1.4007192850112915,0.023080777376890182,0.4007192850112915,off,0.5,100,149.06842041015625,0.0,
full_no_replay_damped_050,2,27,0.6441319584846497,0.028981054201722145,-0.35586804151535034,off,0.5,100,122.4662094116211,0.0,
full_no_replay_damped_050,2,28,1.4097460508346558,0.024413110688328743,0.40974605083465576,off,0.5,100,125.78977966308594,0.0,
full_no_replay_damped_050,2,29,0.6603783369064331,0.029375458136200905,-0.3396216630935669,off,0.5,100,116.72972106933594,0.0,
full_no_replay_damped_050,2,30,1.4048302173614502,0.024894211441278458,0.4048302173614502,off,0.5,100,111.52435302734375,0.0,
full_no_replay_damped_050,2,31,0.669093132019043,0.02909262478351593,-0.33090686798095703,off,0.5,100,121.3171615600586,0.0,
full_no_replay_damped_050,2,32,1.4172533750534058,0.0249775517731905,0.41725337505340576,off,0.5,100,101.02230072021484,0.0,
full_no_replay_damped_050,2,33,0.6774114370346069,0.030293835327029228,-0.32258856296539307,off,0.5,100,130.7624053955078,0.0,
full_no_replay_damped_050,2,34,1.3841652870178223,0.026160983368754387,0.38416528701782227,off,0.5,100,94.06297302246094,0.0,
full_no_replay_damped_050,2,35,0.7022349834442139,0.03257887437939644,-0.29776501655578613,off,0.5,100,101.31354522705078,0.0,
full_no_replay_damped_050,2,36,1.4200549125671387,0.027914611622691154,0.42005491256713867,off,0.5,100,84.34193420410156,0.0,
full_no_replay_damped_050,2,37,0.6597764492034912,0.03327058255672455,-0.3402235507965088,off,0.5,100,133.16351318359375,0.0,
full_no_replay_damped_050,2,38,1.4730582237243652,0.027226082980632782,0.47305822372436523,off,0.5,100,107.40380859375,0.0,
full_no_replay_damped_050,2,39,0.6022858619689941,0.032847095280885696,-0.39771413803100586,off,0.5,100,171.20225524902344,0.0,
full_no_replay_damped_050,2,40,1.5009821653366089,0.025335831567645073,0.5009821653366089,off,0.5,100,145.5041961669922,0.0,
full_no_replay_damped_050,2,41,0.6589771509170532,0.029321331530809402,-0.3410228490829468,off,0.5,100,185.11761474609375,0.0,
full_no_replay_damped_050,2,42,1.4752163887023926,0.02514622174203396,0.4752163887023926,off,0.5,100,108.71115112304688,0.0,
full_no_replay_damped_050,2,43,0.640852153301239,0.0318765714764595,-0.359147846698761,off,0.5,100,148.01351928710938,0.0,
full_no_replay_damped_050,2,44,1.5341064929962158,0.024739420041441917,0.5341064929962158,off,0.5,100,122.92862701416016,0.0,
full_no_replay_damped_050,2,45,0.5769051313400269,0.03204822167754173,-0.42309486865997314,off,0.5,100,203.2265167236328,0.0,
full_no_replay_damped_050,2,46,1.549497127532959,0.023533817380666733,0.549497127532959,off,0.5,100,152.4196319580078,0.0,
full_no_replay_damped_050,2,47,0.6711329221725464,0.028177041560411453,-0.3288670778274536,off,0.5,100,205.05075073242188,0.0,
full_no_replay_damped_050,2,48,1.502351999282837,0.024000117555260658,0.5023519992828369,off,0.5,100,98.84788513183594,0.0,
full_no_replay_damped_050,2,49,0.7164286971092224,0.030585894361138344,-0.2835713028907776,off,0.5,100,167.5428924560547,0.0,
full_no_replay_damped_050,2,50,1.4562687873840332,0.026559485122561455,0.4562687873840332,off,0.5,100,70.46401977539062,0.0,
full_no_replay_damped_050,2,51,0.6789525151252747,0.035140082240104675,-0.32104748487472534,off,0.5,100,136.06187438964844,0.0,
full_no_replay_damped_050,2,52,1.5519287586212158,0.026676001027226448,0.5519287586212158,off,0.5,100,98.15220642089844,0.0,
full_no_replay_damped_050,2,53,0.548477053642273,0.052899476140737534,-0.45152294635772705,off,0.5,100,213.1877899169922,0.0,
full_no_replay_damped_050,2,54,1.6319414377212524,0.024276498705148697,0.6319414377212524,off,0.5,100,168.93116760253906,0.0,
full_no_replay_damped_050,2,55,0.542539119720459,0.035532597452402115,-0.457460880279541,off,0.5,100,264.26959228515625,0.0,
full_no_replay_damped_050,2,56,1.6523849964141846,0.02357448637485504,0.6523849964141846,off,0.5,100,156.34359741210938,0.0,
full_no_replay_damped_050,2,57,0.5403627157211304,0.03339231014251709,-0.45963728427886963,off,0.5,100,293.1578674316406,0.0,
full_no_replay_damped_050,2,58,1.6300771236419678,0.021855762228369713,0.6300771236419678,off,0.5,100,182.3720245361328,0.0,
full_no_replay_damped_050,2,59,0.7179909944534302,0.026292553171515465,-0.2820090055465698,off,0.5,100,254.4808349609375,0.0,
full_no_replay_damped_050,2,60,1.4347670078277588,0.02436091937124729,0.4347670078277588,off,0.5,100,74.87415313720703,0.0,
full_no_replay_damped_050,2,61,0.6656844019889832,0.03442467004060745,-0.33431559801101685,off,0.5,100,102.25147247314453,0.0,
full_no_replay_damped_050,2,62,1.5007197856903076,0.026194002479314804,0.5007197856903076,off,0.5,100,100.42147064208984,0.0,
full_no_replay_damped_050,2,63,0.6274522542953491,0.03705896437168121,-0.3725477457046509,off,0.5,100,149.53953552246094,0.0,
full_no_replay_damped_050,2,64,1.5919132232666016,0.02509855106472969,0.5919132232666016,off,0.5,100,126.91584777832031,0.0,
full_no_replay_damped_050,2,65,0.4859950542449951,0.11472690105438232,-0.5140049457550049,off,0.5,100,217.96034240722656,0.0,
full_no_replay_damped_050,2,66,1.6822659969329834,0.02324899658560753,0.6822659969329834,off,0.5,100,275.7098693847656,0.00390625,
full_no_replay_damped_050,2,67,0.5132166743278503,0.03477664664387703,-0.48678332567214966,off,0.5,100,367.48468017578125,0.0,
full_no_replay_damped_050,2,68,1.6606101989746094,0.02175194025039673,0.6606101989746094,off,0.5,100,172.64779663085938,0.0,
full_no_replay_damped_050,2,69,0.6316696405410767,0.027327975258231163,-0.36833035945892334,off,0.5,100,262.93896484375,0.0,
full_no_replay_damped_050,2,70,1.4968222379684448,0.02292940951883793,0.4968222379684448,off,0.5,100,110.81864929199219,0.0,
full_no_replay_damped_050,2,71,0.7309538125991821,0.029262900352478027,-0.26904618740081787,off,0.5,100,148.52352905273438,0.0,
full_no_replay_damped_050,2,72,1.3903086185455322,0.02613660879433155,0.3903086185455322,off,0.5,100,77.34707641601562,0.0,
full_no_replay_damped_050,2,73,0.7433801293373108,0.034914255142211914,-0.2566198706626892,off,0.5,100,94.73347473144531,0.0,
full_no_replay_damped_050,2,74,1.3837010860443115,0.0281211007386446,0.3837010860443115,off,0.5,100,66.10099792480469,0.0,
full_no_replay_damped_050,2,75,0.6332636475563049,0.08003935217857361,-0.36673635244369507,off,0.5,100,87.8919677734375,0.0,
full_no_replay_damped_050,2,76,1.601501703262329,0.027585266157984734,0.6015017032623291,off,0.5,100,135.489501953125,0.00390625,
full_no_replay_damped_050,2,77,-0.7913810610771179,3.858159303665161,-1.791381061077118,off,0.5,100,232.3462371826172,0.0,
full_no_replay_damped_050,2,78,1.62684965133667,0.024301204830408096,0.6268496513366699,off,0.5,100,2506.534423828125,0.177734375,
full_no_replay_damped_050,2,79,0.5777950882911682,0.028696764260530472,-0.4222049117088318,off,0.5,100,325.3697204589844,0.0,
full_no_replay_damped_050,2,80,1.6240812540054321,0.023755481466650963,0.6240812540054321,off,0.5,100,96.84310150146484,0.0,
full_no_replay_damped_050,2,81,0.5575475692749023,0.032089367508888245,-0.44245243072509766,off,0.5,100,260.3211975097656,0.0,
full_no_replay_damped_050,2,82,1.57230806350708,0.023611092939972878,0.5723080635070801,off,0.5,100,114.55435180664062,0.0,
full_no_replay_damped_050,2,83,0.6043057441711426,0.0317346453666687,-0.3956942558288574,off,0.5,100,210.08941650390625,0.0,
full_no_replay_damped_050,2,84,1.5387990474700928,0.02425616979598999,0.5387990474700928,off,0.5,100,105.33349609375,0.0,
full_no_replay_damped_050,2,85,0.5474215745925903,0.03535926342010498,-0.45257842540740967,off,0.5,100,179.52316284179688,0.0,
full_no_replay_damped_050,2,86,1.7096160650253296,0.023549044504761696,0.7096160650253296,off,0.5,100,131.5575408935547,0.0,
full_no_replay_damped_050,2,87,0.3414420187473297,0.03627614304423332,-0.6585579812526703,off,0.5,100,344.3276062011719,0.0,
full_no_replay_damped_050,2,88,1.8537886142730713,0.021268952637910843,0.8537886142730713,off,0.5,100,244.06468200683594,0.0,
full_no_replay_damped_050,2,89,0.3035043776035309,0.032015156000852585,-0.6964956223964691,off,0.5,100,557.0496215820312,0.0,
full_no_replay_damped_050,2,90,1.807254672050476,0.01964792236685753,0.8072546720504761,off,0.5,100,259.6213073730469,0.0,
full_no_replay_damped_050,2,91,0.5314342975616455,0.027229566127061844,-0.4685657024383545,off,0.5,100,438.24530029296875,0.0,
full_no_replay_damped_050,2,92,1.5526750087738037,0.02130991965532303,0.5526750087738037,off,0.5,100,137.2313690185547,0.0,
full_no_replay_damped_050,2,93,0.7248134613037109,0.027303729206323624,-0.27518653869628906,off,0.5,100,166.76541137695312,0.0,
full_no_replay_damped_050,2,94,1.2899848222732544,0.02639967016875744,0.2899848222732544,off,0.5,100,66.33539581298828,0.0,
full_no_replay_damped_050,2,95,0.7826763391494751,0.03603179752826691,-0.2173236608505249,off,0.5,100,53.13687515258789,0.0,
full_no_replay_damped_050,2,96,1.2868396043777466,0.031668148934841156,0.2868396043777466,off,0.5,100,56.031394958496094,0.0,
full_no_replay_damped_050,2,97,0.746759295463562,0.049595605581998825,-0.253240704536438,off,0.5,100,47.37697219848633,0.0,
full_no_replay_damped_050,2,98,1.3294168710708618,0.03335005044937134,0.3294168710708618,off,0.5,100,63.3889045715332,0.0,
full_no_replay_damped_050,2,99,0.49719610810279846,0.3288087844848633,-0.5028038918972015,off,0.5,100,70.986572265625,0.0,
full_no_replay_damped_050,2,100,1.851428747177124,0.02745586819946766,0.851428747177124,off,0.5,100,123.02787017822266,0.0,
full_replay_damped_050,0,0,1.05,0.02,0.050000000000000044,on,0.5,0,nan,nan,
full_replay_damped_050,0,1,0.6893976330757141,0.07416501641273499,-0.3106023669242859,on,0.5,5000,22.848234176635742,0.0,
full_replay_damped_050,0,2,1.1669784784317017,0.04116920009255409,0.16697847843170166,on,0.5,100,94.04685974121094,0.0,
full_replay_damped_050,0,3,1.1564708948135376,0.03454151004552841,0.1564708948135376,on,0.5,100,110.28043365478516,0.0,
full_replay_damped_050,0,4,0.7147538065910339,0.03513379022479057,-0.28524619340896606,on,0.5,100,58.25649642944336,0.0,
full_replay_damped_050,0,5,0.938621997833252,0.029607614502310753,-0.06137800216674805,on,0.5,100,89.58187103271484,0.0,
full_replay_damped_050,0,6,1.2217236757278442,0.02974647842347622,0.22172367572784424,on,0.5,100,61.65727233886719,0.0,
full_replay_damped_050,0,7,0.9134199023246765,0.03362918272614479,-0.08658009767532349,on,0.5,100,57.99177551269531,0.0,
full_replay_damped_050,0,8,0.8841667175292969,0.03360183537006378,-0.11583328247070312,on,0.5,100,58.45189666748047,0.0,
full_replay_damped_050,0,9,1.1213945150375366,0.03455769643187523,0.12139451503753662,on,0.5,100,43.878143310546875,0.0,
full_replay_damped_050,0,10,1.0209006071090698,0.037429843097925186,0.020900607109069824,on,0.5,100,54.72917175292969,0.0,
full_replay_damped_050,0,11,0.8502861261367798,0.039712756872177124,-0.14971387386322021,on,0.5,100,43.54273223876953,0.0,
full_replay_damped_050,0,12,1.0358449220657349,0.03676118329167366,0.03584492206573486,on,0.5,100,56.17362594604492,0.0,
full_replay_damped_050,0,13,1.121943712234497,0.03688138350844383,0.12194371223449707,on,0.5,100,53.00939178466797,0.0,
full_replay_damped_050,0,14,0.8904079794883728,0.04207135736942291,-0.1095920205116272,on,0.5,100,40.94826126098633,0.0,
full_replay_damped_050,0,15,0.9401949048042297,0.04176145792007446,-0.059805095195770264,on,0.5,100,55.11899185180664,0.0,
full_replay_damped_050,0,16,1.1114386320114136,0.038845740258693695,0.11143863201141357,on,0.5,100,50.0180549621582,0.0,
full_replay_damped_050,0,17,0.9744699001312256,0.04228837415575981,-0.025530099868774414,on,0.5,100,53.24300765991211,0.0,
full_replay_damped_050,0,18,0.8762978315353394,0.04444039985537529,-0.12370216846466064,on,0.5,100,48.54132080078125,0.0,
full_replay_damped_050,0,19,1.05315363407135,0.03931545466184616,0.0531536340713501,on,0.5,100,52.62126922607422,0.0,
full_replay_damped_050,0,20,1.084462285041809,0.03886772692203522,0.08446228504180908,on,0.5,100,51.84476089477539,0.0,
full_replay_damped_050,0,21,0.843528151512146,0.04190916195511818,-0.156471848487854,on,0.5,100,43.844688415527344,0.0,
full_replay_damped_050,0,22,0.9995530247688293,0.03816983103752136,-0.0004469752311706543,on,0.5,100,60.786155700683594,0.0,
full_replay_damped_050,0,23,1.1627681255340576,0.037757135927677155,0.16276812553405762,on,0.5,100,52.50810241699219,0.0,
full_replay_damped_050,0,24,0.8966555595397949,0.04265943914651871,-0.10334444046020508,on,0.5,100,51.92560577392578,0.0,
full_replay_damped_050,0,25,0.8851990103721619,0.04035167396068573,-0.11480098962783813,on,0.5,100,61.2418327331543,0.0,
full_replay_damped_050,0,26,1.1114609241485596,0.03642828390002251,0.11146092414855957,on,0.5,100,54.07422637939453,0.0,
full_replay_damped_050,0,27,1.0514112710952759,0.03725346177816391,0.05141127109527588,on,0.5,100,55.8433837890625,0.0,
full_replay_damped_050,0,28,0.8536199331283569,0.04306427761912346,-0.14638006687164307,on,0.5,100,43.35165023803711,0.0,
full_replay_damped_050,0,29,1.0098956823349,0.03915008530020714,0.009895682334899902,on,0.5,100,57.06310272216797,0.0,
full_replay_damped_050,0,30,1.1137759685516357,0.03763284161686897,0.11377596855163574,on,0.5,100,55.06044006347656,0.0,
full_replay_damped_050,0,31,0.9150736331939697,0.04276265203952789,-0.08492636680603027,on,0.5,100,45.409793853759766,0.0,
full_replay_damped_050,0,32,0.9149656295776367,0.03968106210231781,-0.08503437042236328,on,0.5,100,56.71443557739258,0.0,
full_replay_damped_050,0,33,1.132874846458435,0.03737269714474678,0.13287484645843506,on,0.5,100,51.562469482421875,0.0,
full_replay_damped_050,0,34,1.0115888118743896,0.04018476605415344,0.011588811874389648,on,0.5,100,55.51236343383789,0.0,
full_replay_damped_050,0,35,0.8230341672897339,0.04594562202692032,-0.1769658327102661,on,0.5,100,42.30333709716797,0.0,
full_replay_damped_050,0,36,1.0503214597702026,0.03804437071084976,0.05032145977020264,on,0.5,100,60.14128875732422,0.0,
full_replay_damped_050,0,37,1.1537894010543823,0.037429079413414,0.15378940105438232,on,0.5,100,59.3610954284668,0.0,
full_replay_damped_050,0,38,0.8366327881813049,0.043674372136592865,-0.16336721181869507,on,0.5,100,50.14944076538086,0.0,
full_replay_damped_050,0,39,0.9497614502906799,0.03723006322979927,-0.05023854970932007,on,0.5,100,71.62113189697266,0.0,
full_replay_damped_050,0,40,1.1638761758804321,0.03554026409983635,0.16387617588043213,on,0.5,100,53.87449645996094,0.0,
full_replay_damped_050,0,41,0.9240052700042725,0.0389937125146389,-0.07599472999572754,on,0.5,100,55.889652252197266,0.0,
full_replay_damped_050,0,42,0.8578752875328064,0.04216126725077629,-0.1421247124671936,on,0.5,100,51.97575378417969,0.0,
full_replay_damped_050,0,43,1.1121597290039062,0.03659362718462944,0.11215972900390625,on,0.5,100,52.71894073486328,0.0,
full_replay_damped_050,0,44,1.0621927976608276,0.037767160683870316,0.06219279766082764,on,0.5,100,60.81138229370117,0.0,
full_replay_damped_050,0,45,0.8062302470207214,0.04319402575492859,-0.19376975297927856,on,0.5,100,42.07038497924805,0.0,
full_replay_damped_050,0,46,1.0184396505355835,0.03722003847360611,0.018439650535583496,on,0.5,100,65.92359161376953,0.0,
full_replay_damped_050,0,47,1.1405799388885498,0.035772938281297684,0.1405799388885498,on,0.5,100,61.660457611083984,0.0,
full_replay_damped_050,0,48,0.8676849603652954,0.04045676440000534,-0.1323150396347046,on,0.5,100,46.813133239746094,0.0,
full_replay_damped_050,0,49,0.9185888767242432,0.035836271941661835,-0.08141112327575684,on,0.5,100,63.57357406616211,0.0,
full_replay_damped_050,0,50,1.1495431661605835,0.0351027175784111,0.1495431661605835,on,0.5,100,50.65903091430664,0.0,
full_replay_damped_050,0,51,0.9771624803543091,0.036244947463274,-0.022837519645690918,on,0.5,100,57.712772369384766,0.0,
full_replay_damped_050,0,52,0.8579180836677551,0.040181051939725876,-0.14208191633224487,on,0.5,100,51.43636703491211,0.0,
full_replay_damped_050,0,53,1.0647573471069336,0.03710868954658508,0.0647573471069336,on,0.5,100,50.624568939208984,0.0,
full_replay_damped_050,0,54,1.099188208580017,0.03789643943309784,0.09918820858001709,on,0.5,100,54.79429244995117,0.0,
full_replay_damped_050,0,55,0.851024329662323,0.045449890196323395,-0.148975670337677,on,0.5,100,44.618309020996094,0.0,
full_replay_damped_050,0,56,0.9742433428764343,0.03991585597395897,-0.025756657123565674,on,0.5,100,61.26569366455078,0.0,
full_replay_damped_050,0,57,1.1575006246566772,0.039315056055784225,0.15750062465667725,on,0.5,100,51.72290802001953,0.0,
full_replay_damped_050,0,58,0.9492616057395935,0.0424422062933445,-0.050738394260406494,on,0.5,100,50.22251892089844,0.0,
full_replay_damped_050,0,59,0.8881359100341797,0.04499895125627518,-0.11186408996582031,on,0.5,100,53.04918670654297,0.0,
full_replay_damped_050,0,60,1.0686334371566772,0.03946468606591225,0.06863343715667725,on,0.5,100,51.20978927612305,0.0,
full_replay_damped_050,0,61,1.0219275951385498,0.04024976119399071,0.021927595138549805,on,0.5,100,56.06875991821289,0.0,
full_replay_damped_050,0,62,0.9223476648330688,0.0437917523086071,-0.07765233516693115,on,0.5,100,49.69533157348633,0.0,
full_replay_damped_050,0,63,1.030529499053955,0.04234781116247177,0.030529499053955078,on,0.5,100,49.438533782958984,0.0,
full_replay_damped_050,0,64,1.0329740047454834,0.04349687322974205,0.0329740047454834,on,0.5,100,50.80287551879883,0.0,
full_replay_damped_050,0,65,0.9474366903305054,0.04559089243412018,-0.05256330966949463,on,0.5,100,48.10700607299805,0.0,
full_replay_damped_050,0,66,1.012264370918274,0.04278814047574997,0.012264370918273926,on,0.5,100,50.18330001831055,0.0,
full_replay_damped_050,0,67,1.096445083618164,0.04194987565279007,0.09644508361816406,on,0.5,100,51.062313079833984,0.0,
full_replay_damped_050,0,68,0.9270843863487244,0.04696505889296532,-0.07291561365127563,on,0.5,100,50.38059616088867,0.0,
full_replay_damped_050,0,69,0.9507706761360168,0.04582179710268974,-0.049229323863983154,on,0.5,100,57.811195373535156,0.0,
full_replay_damped_050,0,70,1.075890302658081,0.04248048737645149,0.07589030265808105,on,0.5,100,53.267459869384766,0.0,
full_replay_damped_050,0,71,0.9711707830429077,0.04275129362940788,-0.028829216957092285,on,0.5,100,53.80084991455078,0.0,
full_replay_damped_050,0,72,0.9203054904937744,0.04365767911076546,-0.07969450950622559,on,0.5,100,50.55335998535156,0.0,
full_replay_damped_050,0,73,1.006222128868103,0.04096671938896179,0.006222128868103027,on,0.5,100,52.87092590332031,0.0,
full_replay_damped_050,0,74,1.0698684453964233,0.04095334932208061,0.06986844539642334,on,0.5,100,48.56098556518555,0.0,
full_replay_damped_050,0,75,0.9373263716697693,0.042255669832229614,-0.06267362833023071,on,0.5,100,44.15629196166992,0.0,
full_replay_damped_050,0,76,0.957987904548645,0.04218892380595207,-0.04201209545135498,on,0.5,100,50.203548431396484,0.0,
full_replay_damped_050,0,77,1.0713056325912476,0.03944149240851402,0.07130563259124756,on,0.5,100,50.703948974609375,0.0,
full_replay_damped_050,0,78,1.0115175247192383,0.04170459881424904,0.011517524719238281,on,0.5,100,50.1890754699707,0.0,
full_replay_damped_050,0,79,0.9064608216285706,0.047388941049575806,-0.09353917837142944,on,0.5,100,45.97920608520508,0.0,
full_replay_damped_050,0,80,1.0354974269866943,0.04198316112160683,0.035497426986694336,on,0.5,100,48.83589553833008,0.0,
full_replay_damped_050,0,81,1.0821073055267334,0.039654992520809174,0.0821073055267334,on,0.5,100,55.8492431640625,0.0,
full_replay_damped_050,0,82,0.8788827061653137,0.044047966599464417,-0.12111729383468628,on,0.5,100,48.868778228759766,0.0,
full_replay_damped_050,0,83,0.970794141292572,0.03658492490649223,-0.02920585870742798,on,0.5,100,58.20185470581055,0.0,
full_replay_damped_050,0,84,1.109190821647644,0.036600273102521896,0.10919082164764404,on,0.5,100,46.34632110595703,0.0,
full_replay_damped_050,0,85,0.9538640379905701,0.042521893978118896,-0.04613596200942993,on,0.5,100,46.40602111816406,0.0,
full_replay_damped_050,0,86,0.8846496343612671,0.04101819545030594,-0.11535036563873291,on,0.5,100,53.36562728881836,0.0,
full_replay_damped_050,0,87,1.0650814771652222,0.03807215392589569,0.06508147716522217,on,0.5,100,52.08761978149414,0.0,
full_replay_damped_050,0,88,1.0205146074295044,0.04006978124380112,0.020514607429504395,on,0.5,100,53.75115966796875,0.0,
full_replay_damped_050,0,89,0.8718437552452087,0.04481921344995499,-0.12815624475479126,on,0.5,100,46.992713928222656,0.0,
full_replay_damped_050,0,90,1.0081756114959717,0.04113425686955452,0.00817561149597168,on,0.5,100,52.80888366699219,0.0,
full_replay_damped_050,0,91,1.106475591659546,0.038261499255895615,0.1064755916595459,on,0.5,100,53.727840423583984,0.0,
full_replay_damped_050,0,92,0.874253511428833,0.04236936569213867,-0.125746488571167,on,0.5,100,49.78085708618164,0.0,
full_replay_damped_050,0,93,0.9172069430351257,0.03994130343198776,-0.08279305696487427,on,0.5,100,57.76532745361328,0.0,
full_replay_damped_050,0,94,1.073962926864624,0.03523654490709305,0.07396292686462402,on,0.5,100,53.099002838134766,0.0,
full_replay_damped_050,0,95,0.9793427586555481,0.038156501948833466,-0.020657241344451904,on,0.5,100,50.63267517089844,0.0,
full_replay_damped_050,0,96,0.9145931601524353,0.042159553617239,-0.0854068398475647,on,0.5,100,45.62880325317383,0.0,
full_replay_damped_050,0,97,1.064383864402771,0.03707693889737129,0.064383864402771,on,0.5,100,53.307518005371094,0.0,
full_replay_damped_050,0,98,1.0327277183532715,0.03925589099526405,0.032727718353271484,on,0.5,100,54.399436950683594,0.0,
full_replay_damped_050,0,99,0.8836044073104858,0.045221809297800064,-0.11639559268951416,on,0.5,100,41.093875885009766,0.0,
full_replay_damped_050,0,100,1.0523916482925415,0.03959507867693901,0.052391648292541504,on,0.5,100,51.500946044921875,0.0,
full_replay_damped_050,1,0,1.05,0.02,0.050000000000000044,on,0.5,0,nan,nan,
full_replay_damped_050,1,1,0.4813023507595062,0.12982319295406342,-0.5186976492404938,on,0.5,5000,21.77318572998047,0.0,
full_replay_damped_050,1,2,1.3102223873138428,0.038890913128852844,0.3102223873138428,on,0.5,100,217.9158935546875,0.0,
full_replay_damped_050,1,3,1.245933175086975,0.028184160590171814,0.2459331750869751,on,0.5,100,249.12364196777344,0.0,
full_replay_damped_050,1,4,0.7082574963569641,0.030403725802898407,-0.2917425036430359,on,0.5,100,102.40804290771484,0.0,
full_replay_damped_050,1,5,0.8670366406440735,0.025556102395057678,-0.1329633593559265,on,0.5,100,110.94599151611328,0.0,
full_replay_damped_050,1,6,1.1817381381988525,0.025154564529657364,0.18173813819885254,on,0.5,100,60.59727478027344,0.0,
full_replay_damped_050,1,7,1.0573192834854126,0.028526727110147476,0.0573192834854126,on,0.5,100,59.340946197509766,0.0,
full_replay_damped_050,1,8,0.7343943119049072,0.036662857979536057,-0.2656056880950928,on,0.5,100,41.305545806884766,0.0,
full_replay_damped_050,1,9,1.0239644050598145,0.029071524739265442,0.023964405059814453,on,0.5,100,72.27760314941406,0.0,
full_replay_damped_050,1,10,1.2013590335845947,0.028631262481212616,0.20135903358459473,on,0.5,100,64.50588989257812,0.0,
full_replay_damped_050,1,11,0.7597940564155579,0.038381438702344894,-0.24020594358444214,on,0.5,100,50.53572082519531,0.0,
full_replay_damped_050,1,12,0.9036810398101807,0.03257562220096588,-0.09631896018981934,on,0.5,100,90.9267578125,0.0,
full_replay_damped_050,1,13,1.1683422327041626,0.02971911057829857,0.1683422327041626,on,0.5,100,58.59546661376953,0.0,
full_replay_damped_050,1,14,1.0159941911697388,0.03400937467813492,0.01599419116973877,on,0.5,100,54.994598388671875,0.0,
full_replay_damped_050,1,15,0.8101338148117065,0.04034779593348503,-0.18986618518829346,on,0.5,100,43.64602279663086,0.0,
full_replay_damped_050,1,16,1.076737642288208,0.034120772033929825,0.07673764228820801,on,0.5,100,53.07988739013672,0.0,
full_replay_damped_050,1,17,1.1311016082763672,0.03447052463889122,0.1311016082763672,on,0.5,100,59.18815231323242,0.0,
full_replay_damped_050,1,18,0.8274990320205688,0.04431018605828285,-0.17250096797943115,on,0.5,100,43.20073318481445,0.0,
full_replay_damped_050,1,19,0.9688370823860168,0.03683435544371605,-0.031162917613983154,on,0.5,100,67.65726470947266,0.0,
full_replay_damped_050,1,20,1.1375482082366943,0.03559020161628723,0.13754820823669434,on,0.5,100,53.83793640136719,0.0,
full_replay_damped_050,1,21,0.9059177041053772,0.04025794565677643,-0.0940822958946228,on,0.5,100,50.32568359375,0.0,
full_replay_damped_050,1,22,0.9186933636665344,0.03994331136345863,-0.08130663633346558,on,0.5,100,56.45481491088867,0.0,
full_replay_damped_050,1,23,1.0938893556594849,0.03674058988690376,0.09388935565948486,on,0.5,100,48.96604919433594,0.0,
full_replay_damped_050,1,24,1.0466402769088745,0.04117351025342941,0.04664027690887451,on,0.5,100,51.57770538330078,0.0,
full_replay_damped_050,1,25,0.858290433883667,0.04605124145746231,-0.141709566116333,on,0.5,100,43.14890670776367,0.0,
full_replay_damped_050,1,26,0.9984372854232788,0.03913063183426857,-0.0015627145767211914,on,0.5,100,62.18865966796875,0.0,
full_replay_damped_050,1,27,1.1059010028839111,0.038694482296705246,0.10590100288391113,on,0.5,100,54.56019592285156,0.0,
full_replay_damped_050,1,28,0.9567146301269531,0.04132368788123131,-0.043285369873046875,on,0.5,100,46.35297775268555,0.0,
full_replay_damped_050,1,29,0.9462757706642151,0.04093431681394577,-0.05372422933578491,on,0.5,100,51.66313934326172,0.0,
full_replay_damped_050,1,30,1.0815439224243164,0.0404643677175045,0.0815439224243164,on,0.5,100,47.96793746948242,0.0,
full_replay_damped_050,1,31,1.0097754001617432,0.04193932190537453,0.009775400161743164,on,0.5,100,49.6006965637207,0.0,
full_replay_damped_050,1,32,0.8958642482757568,0.04562356323003769,-0.10413575172424316,on,0.5,100,46.58748245239258,0.0,
full_replay_damped_050,1,33,1.0437878370285034,0.04102880135178566,0.04378783702850342,on,0.5,100,53.787567138671875,0.0,
full_replay_damped_050,1,34,1.0619925260543823,0.03850772976875305,0.061992526054382324,on,0.5,100,54.170692443847656,0.0,
full_replay_damped_050,1,35,0.8990427851676941,0.044849567115306854,-0.10095721483230591,on,0.5,100,47.88465881347656,0.0,
full_replay_damped_050,1,36,1.0018490552902222,0.03961759805679321,0.001849055290222168,on,0.5,100,54.17725372314453,0.0,
full_replay_damped_050,1,37,1.0597273111343384,0.03938281536102295,0.05972731113433838,on,0.5,100,49.392372131347656,0.0,
full_replay_damped_050,1,38,0.9520854353904724,0.04177337512373924,-0.04791456460952759,on,0.5,100,45.49663162231445,0.0,
full_replay_damped_050,1,39,0.951507031917572,0.04377935454249382,-0.04849296808242798,on,0.5,100,50.75542068481445,0.0,
full_replay_damped_050,1,40,1.098200798034668,0.040662359446287155,0.09820079803466797,on,0.5,100,45.45248794555664,0.0,
full_replay_damped_050,1,41,0.987475574016571,0.04443719610571861,-0.012524425983428955,on,0.5,100,51.100135803222656,0.0,
full_replay_damped_050,1,42,0.8895074129104614,0.04444428160786629,-0.11049258708953857,on,0.5,100,53.549110412597656,0.0,
full_replay_damped_050,1,43,1.0337203741073608,0.038845423609018326,0.03372037410736084,on,0.5,100,51.19694137573242,0.0,
full_replay_damped_050,1,44,1.048972725868225,0.03902614116668701,0.0489727258682251,on,0.5,100,48.82408142089844,0.0,
full_replay_damped_050,1,45,0.8714179396629333,0.04610491171479225,-0.12858206033706665,on,0.5,100,42.22023010253906,0.0,
full_replay_damped_050,1,46,0.9974181652069092,0.0392209030687809,-0.0025818347930908203,on,0.5,100,58.58591842651367,0.0,
full_replay_damped_050,1,47,1.1022822856903076,0.0393015593290329,0.10228228569030762,on,0.5,100,55.82772445678711,0.0,
full_replay_damped_050,1,48,0.9052457809448242,0.04425793141126633,-0.09475421905517578,on,0.5,100,50.81926345825195,0.0,
full_replay_damped_050,1,49,0.9053677916526794,0.04516582190990448,-0.09463220834732056,on,0.5,100,55.89339828491211,0.0,
full_replay_damped_050,1,50,1.0965226888656616,0.03794563189148903,0.09652268886566162,on,0.5,100,53.31357192993164,0.0,
full_replay_damped_050,1,51,1.0098563432693481,0.0387641005218029,0.009856343269348145,on,0.5,100,54.69218063354492,0.0,
full_replay_damped_050,1,52,0.8800805807113647,0.04306648671627045,-0.11991941928863525,on,0.5,100,47.62555694580078,0.0,
full_replay_damped_050,1,53,1.04551362991333,0.0372149720788002,0.04551362991333008,on,0.5,100,51.80906295776367,0.0,
full_replay_damped_050,1,54,1.073672890663147,0.03784363716840744,0.07367289066314697,on,0.5,100,52.160179138183594,0.0,
full_replay_damped_050,1,55,0.8939351439476013,0.04377344250679016,-0.10606485605239868,on,0.5,100,45.36654281616211,0.0,
full_replay_damped_050,1,56,0.9832891821861267,0.041059281677007675,-0.01671081781387329,on,0.5,100,54.50410079956055,0.0,
full_replay_damped_050,1,57,1.1304535865783691,0.038257453590631485,0.13045358657836914,on,0.5,100,50.19424819946289,0.0,
full_replay_damped_050,1,58,0.9222880005836487,0.04100152477622032,-0.07771199941635132,on,0.5,100,52.86843490600586,0.0,
full_replay_damped_050,1,59,0.9116716980934143,0.04107362776994705,-0.0883283019065857,on,0.5,100,55.84822082519531,0.0,
full_replay_damped_050,1,60,1.0912832021713257,0.037597883492708206,0.09128320217132568,on,0.5,100,49.45940399169922,0.0,
full_replay_damped_050,1,61,1.0584005117416382,0.039511263370513916,0.058400511741638184,on,0.5,100,50.95579528808594,0.0,
full_replay_damped_050,1,62,0.8139893412590027,0.05088700354099274,-0.18601065874099731,on,0.5,100,41.99436569213867,0.0,
full_replay_damped_050,1,63,1.0171926021575928,0.03841247037053108,0.017192602157592773,on,0.5,100,70.64370727539062,0.0,
full_replay_damped_050,1,64,1.128429651260376,0.03374816104769707,0.12842965126037598,on,0.5,100,64.42487335205078,0.0,
full_replay_damped_050,1,65,0.8089986443519592,0.04726158455014229,-0.19100135564804077,on,0.5,100,44.14430618286133,0.0,
full_replay_damped_050,1,66,0.9683734178543091,0.037794191390275955,-0.03162658214569092,on,0.5,100,69.8674087524414,0.0,
full_replay_damped_050,1,67,1.1440660953521729,0.03402364253997803,0.14406609535217285,on,0.5,100,57.023406982421875,0.0,
full_replay_damped_050,1,68,0.89156174659729,0.043033991008996964,-0.10843825340270996,on,0.5,100,50.402244567871094,0.0,
full_replay_damped_050,1,69,0.9170201420783997,0.03962519019842148,-0.08297985792160034,on,0.5,100,60.49576950073242,0.0,
full_replay_damped_050,1,70,1.1145132780075073,0.036341696977615356,0.11451327800750732,on,0.5,100,47.817665100097656,0.0,
full_replay_damped_050,1,71,1.0083082914352417,0.04003523290157318,0.0083082914352417,on,0.5,100,49.906219482421875,0.0,
full_replay_damped_050,1,72,0.8362939357757568,0.04677252098917961,-0.16370606422424316,on,0.5,100,46.39118194580078,0.0,
full_replay_damped_050,1,73,1.0351675748825073,0.037159353494644165,0.035167574882507324,on,0.5,100,57.19293975830078,0.0,
full_replay_damped_050,1,74,1.1131837368011475,0.03661993891000748,0.11318373680114746,on,0.5,100,60.0389518737793,0.0,
full_replay_damped_050,1,75,0.8596058487892151,0.045846205204725266,-0.1403941512107849,on,0.5,100,45.49034881591797,0.0,
full_replay_damped_050,1,76,0.9686070084571838,0.03895220160484314,-0.03139299154281616,on,0.5,100,64.79666900634766,0.0,
full_replay_damped_050,1,77,1.1188610792160034,0.0347139835357666,0.11886107921600342,on,0.5,100,52.63227462768555,0.0,
full_replay_damped_050,1,78,0.9573306441307068,0.04037802666425705,-0.04266935586929321,on,0.5,100,48.14140701293945,0.0,
full_replay_damped_050,1,79,0.8751783967018127,0.04362714663147926,-0.12482160329818726,on,0.5,100,49.759647369384766,0.0,
full_replay_damped_050,1,80,1.09715735912323,0.035787347704172134,0.09715735912322998,on,0.5,100,51.325008392333984,0.0,
full_replay_damped_050,1,81,1.0881699323654175,0.03567928448319435,0.08816993236541748,on,0.5,100,54.88547897338867,0.0,
full_replay_damped_050,1,82,0.775414228439331,0.05229479447007179,-0.22458577156066895,on,0.5,100,41.98184585571289,0.0,
full_replay_damped_050,1,83,0.997382402420044,0.037218011915683746,-0.0026175975799560547,on,0.5,100,75.43385314941406,0.0,
full_replay_damped_050,1,84,1.1449010372161865,0.034094542264938354,0.14490103721618652,on,0.5,100,64.20500183105469,0.0,
full_replay_damped_050,1,85,0.8418990969657898,0.04475800693035126,-0.1581009030342102,on,0.5,100,49.1432991027832,0.0,
full_replay_damped_050,1,86,0.9036732316017151,0.03739059343934059,-0.09632676839828491,on,0.5,100,69.82415771484375,0.0,
full_replay_damped_050,1,87,1.1179498434066772,0.0319354385137558,0.11794984340667725,on,0.5,100,55.35748291015625,0.0,
full_replay_damped_050,1,88,1.0227845907211304,0.035674821585416794,0.02278459072113037,on,0.5,100,50.621116638183594,0.0,
full_replay_damped_050,1,89,0.8744810819625854,0.043676137924194336,-0.12551891803741455,on,0.5,100,42.06698226928711,0.0,
full_replay_damped_050,1,90,1.015465497970581,0.03698735311627388,0.015465497970581055,on,0.5,100,54.8896369934082,0.0,
full_replay_damped_050,1,91,1.0766680240631104,0.03543193265795708,0.07666802406311035,on,0.5,100,51.4091796875,0.0,
full_replay_damped_050,1,92,0.9294518828392029,0.04302957281470299,-0.07054811716079712,on,0.5,100,42.832725524902344,0.0,
full_replay_damped_050,1,93,0.9770573973655701,0.04185923933982849,-0.02294260263442993,on,0.5,100,49.914085388183594,0.0,
full_replay_damped_050,1,94,1.074890375137329,0.038962505757808685,0.0748903751373291,on,0.5,100,51.2041015625,0.0,
full_replay_damped_050,1,95,0.9471220970153809,0.04242175444960594,-0.05287790298461914,on,0.5,100,51.249935150146484,0.0,
full_replay_damped_050,1,96,0.9644587635993958,0.041504278779029846,-0.03554123640060425,on,0.5,100,52.23099899291992,0.0,
full_replay_damped_050,1,97,1.0942327976226807,0.03888325020670891,0.09423279762268066,on,0.5,100,47.18636703491211,0.0,
full_replay_damped_050,1,98,0.9601292014122009,0.043172284960746765,-0.03987079858779907,on,0.5,100,47.97248840332031,0.0,
full_replay_damped_050,1,99,0.9254359602928162,0.04513091593980789,-0.07456403970718384,on,0.5,100,52.32001495361328,0.0,
full_replay_damped_050,1,100,1.0578733682632446,0.03787093237042427,0.05787336826324463,on,0.5,100,51.738426208496094,0.0,
full_replay_damped_050,2,0,1.05,0.02,0.050000000000000044,on,0.5,0,nan,nan,
full_replay_damped_050,2,1,0.13387174904346466,0.32715100049972534,-0.8661282509565353,on,0.5,5000,23.142545700073242,0.0,
full_replay_damped_050,2,2,1.1871082782745361,0.05239175260066986,0.18710827827453613,on,0.5,100,557.173828125,0.001953125,
full_replay_damped_050,2,3,1.3077741861343384,0.0342537946999073,0.3077741861343384,on,0.5,100,464.7873229980469,0.0,
full_replay_damped_050,2,4,0.7763970494270325,0.03804050385951996,-0.22360295057296753,on,0.5,100,108.50106811523438,0.0,
full_replay_damped_050,2,5,0.8028029203414917,0.03138617053627968,-0.1971970796585083,on,0.5,100,111.98587036132812,0.0,
full_replay_damped_050,2,6,1.1462430953979492,0.030098406597971916,0.14624309539794922,on,0.5,100,61.28069305419922,0.0,
full_replay_damped_050,2,7,1.0831831693649292,0.031279731541872025,0.0831831693649292,on,0.5,100,66.77983856201172,0.0,
full_replay_damped_050,2,8,0.7703326940536499,0.04070992022752762,-0.2296673059463501,on,0.5,100,44.1899299621582,0.0,
full_replay_damped_050,2,9,0.9895023703575134,0.03521819785237312,-0.010497629642486572,on,0.5,100,76.87547302246094,0.0,
full_replay_damped_050,2,10,1.1403272151947021,0.03425351902842522,0.14032721519470215,on,0.5,100,59.02497100830078,0.0,
full_replay_damped_050,2,11,0.8541847467422485,0.04058613255620003,-0.14581525325775146,on,0.5,100,46.92218780517578,0.0,
full_replay_damped_050,2,12,0.9231001138687134,0.036770448088645935,-0.07689988613128662,on,0.5,100,59.9758186340332,0.0,
full_replay_damped_050,2,13,1.1269755363464355,0.037938233464956284,0.12697553634643555,on,0.5,100,47.65199279785156,0.0,
full_replay_damped_050,2,14,1.0230165719985962,0.039432112127542496,0.02301657199859619,on,0.5,100,53.955204010009766,0.0,
full_replay_damped_050,2,15,0.8440256714820862,0.044665947556495667,-0.15597432851791382,on,0.5,100,42.885746002197266,0.0,
full_replay_damped_050,2,16,1.0349466800689697,0.03864838182926178,0.03494668006896973,on,0.5,100,57.8630256652832,0.0,
full_replay_damped_050,2,17,1.119535207748413,0.038261882960796356,0.11953520774841309,on,0.5,100,53.4177131652832,0.0,
full_replay_damped_050,2,18,0.8739581108093262,0.0429229810833931,-0.12604188919067383,on,0.5,100,49.38094711303711,0.0,
full_replay_damped_050,2,19,0.94232577085495,0.04098554328083992,-0.05767422914505005,on,0.5,100,60.19588088989258,0.0,
full_replay_damped_050,2,20,1.1422317028045654,0.038771696388721466,0.14223170280456543,on,0.5,100,47.07976531982422,0.0,
full_replay_damped_050,2,21,0.9775384068489075,0.04298268258571625,-0.02246159315109253,on,0.5,100,52.70543670654297,0.0,
full_replay_damped_050,2,22,0.8569406270980835,0.04417617246508598,-0.1430593729019165,on,0.5,100,53.03141784667969,0.0,
full_replay_damped_050,2,23,1.0900700092315674,0.038414087146520615,0.09007000923156738,on,0.5,100,53.38152313232422,0.0,
full_replay_damped_050,2,24,1.0547136068344116,0.040009211748838425,0.05471360683441162,on,0.5,100,56.27102279663086,0.0,
full_replay_damped_050,2,25,0.8310003876686096,0.04903167858719826,-0.16899961233139038,on,0.5,100,44.73322296142578,0.0,
full_replay_damped_050,2,26,1.032724380493164,0.0388885997235775,0.03272438049316406,on,0.5,100,62.27988052368164,0.0,
full_replay_damped_050,2,27,1.0977535247802734,0.03806334361433983,0.09775352478027344,on,0.5,100,62.35756301879883,0.0,
full_replay_damped_050,2,28,0.864737868309021,0.04586666822433472,-0.135262131690979,on,0.5,100,46.13337707519531,0.0,
full_replay_damped_050,2,29,0.9563548564910889,0.03917723521590233,-0.04364514350891113,on,0.5,100,62.586883544921875,0.0,
full_replay_damped_050,2,30,1.1221319437026978,0.03719023987650871,0.12213194370269775,on,0.5,100,50.31581115722656,0.0,
full_replay_damped_050,2,31,0.9854716658592224,0.039263807237148285,-0.014528334140777588,on,0.5,100,52.06612014770508,0.0,
full_replay_damped_050,2,32,0.8717601299285889,0.041397929191589355,-0.12823987007141113,on,0.5,100,49.73795700073242,0.0,
full_replay_damped_050,2,33,1.0410174131393433,0.0373845212161541,0.04101741313934326,on,0.5,100,51.86074447631836,0.0,
full_replay_damped_050,2,34,1.0673985481262207,0.03752417489886284,0.0673985481262207,on,0.5,100,52.855506896972656,0.0,
full_replay_damped_050,2,35,0.8961597681045532,0.044092535972595215,-0.10384023189544678,on,0.5,100,42.28016662597656,0.0,
full_replay_damped_050,2,36,0.9949494004249573,0.040298283100128174,-0.005050599575042725,on,0.5,100,51.547542572021484,0.0,
full_replay_damped_050,2,37,1.0917060375213623,0.037758275866508484,0.0917060375213623,on,0.5,100,48.943660736083984,0.0,
full_replay_damped_050,2,38,0.9580001831054688,0.04248376935720444,-0.04199981689453125,on,0.5,100,45.70119094848633,0.0,
full_replay_damped_050,2,39,0.8919091820716858,0.04511711001396179,-0.10809081792831421,on,0.5,100,43.516902923583984,0.0,
full_replay_damped_050,2,40,1.0924116373062134,0.04006272554397583,0.09241163730621338,on,0.5,100,46.6943359375,0.0,
full_replay_damped_050,2,41,1.0534988641738892,0.038486480712890625,0.05349886417388916,on,0.5,100,55.21043014526367,0.0,
full_replay_damped_050,2,42,0.8972437381744385,0.04432611167430878,-0.10275626182556152,on,0.5,100,43.9725227355957,0.0,
full_replay_damped_050,2,43,0.9824748039245605,0.04060900956392288,-0.017525196075439453,on,0.5,100,49.569549560546875,0.0,
full_replay_damped_050,2,44,1.0790752172470093,0.03676173463463783,0.07907521724700928,on,0.5,100,46.54450225830078,0.0,
full_replay_damped_050,2,45,0.986548900604248,0.0407257005572319,-0.013451099395751953,on,0.5,100,48.861141204833984,0.0,
full_replay_damped_050,2,46,0.9007046818733215,0.04302481189370155,-0.09929531812667847,on,0.5,100,46.26403045654297,0.0,
full_replay_damped_050,2,47,1.0379700660705566,0.037933386862277985,0.03797006607055664,on,0.5,100,48.7983283996582,0.0,
full_replay_damped_050,2,48,1.0406607389450073,0.03785251826047897,0.040660738945007324,on,0.5,100,47.3388557434082,0.0,
full_replay_damped_050,2,49,0.9175370335578918,0.04476829990744591,-0.08246296644210815,on,0.5,100,41.29873275756836,0.0,
full_replay_damped_050,2,50,0.9701234102249146,0.04128188639879227,-0.02987658977508545,on,0.5,100,46.06937789916992,0.0,
full_replay_damped_050,2,51,1.0479375123977661,0.04178112372756004,0.04793751239776611,on,0.5,100,46.96304702758789,0.0,
full_replay_damped_050,2,52,0.9823304414749146,0.04154951870441437,-0.01766955852508545,on,0.5,100,46.49778747558594,0.0,
full_replay_damped_050,2,53,0.93843674659729,0.04210749641060829,-0.06156325340270996,on,0.5,100,47.32639694213867,0.0,
full_replay_damped_050,2,54,1.0210044384002686,0.03836413100361824,0.021004438400268555,on,0.5,100,49.61474609375,0.0,
full_replay_damped_050,2,55,1.0399717092514038,0.038729093968868256,0.03997170925140381,on,0.5,100,48.81145477294922,0.0,
full_replay_damped_050,2,56,0.9623532295227051,0.0440632626414299,-0.03764677047729492,on,0.5,100,46.36752700805664,0.0,
full_replay_damped_050,2,57,0.9539800882339478,0.04279625415802002,-0.046019911766052246,on,0.5,100,47.54130172729492,0.0,
full_replay_damped_050,2,58,1.0663352012634277,0.039054326713085175,0.06633520126342773,on,0.5,100,45.496273040771484,0.0,
full_replay_damped_050,2,59,0.9976767301559448,0.03778623044490814,-0.0023232698440551758,on,0.5,100,47.64604568481445,0.0,
full_replay_damped_050,2,60,0.9214529395103455,0.04015601798892021,-0.07854706048965454,on,0.5,100,47.412322998046875,0.0,
full_replay_damped_050,2,61,1.0178629159927368,0.03818531334400177,0.017862915992736816,on,0.5,100,45.39672088623047,0.0,
full_replay_damped_050,2,62,1.0307338237762451,0.03925589844584465,0.030733823776245117,on,0.5,100,45.66151809692383,0.0,
full_replay_damped_050,2,63,0.9338152408599854,0.040898703038692474,-0.06618475914001465,on,0.5,100,46.36589813232422,0.0,
full_replay_damped_050,2,64,0.9919707179069519,0.03935389965772629,-0.008029282093048096,on,0.5,100,47.20314025878906,0.0,
full_replay_damped_050,2,65,1.0236241817474365,0.03972877189517021,0.023624181747436523,on,0.5,100,47.06258010864258,0.0,
full_replay_damped_050,2,66,0.970828115940094,0.04112125560641289,-0.029171884059906006,on,0.5,100,46.41192626953125,0.0,
full_replay_damped_050,2,67,0.9825943112373352,0.037946198135614395,-0.017405688762664795,on,0.5,100,46.561805725097656,0.0,
full_replay_damped_050,2,68,1.0505179166793823,0.038909994065761566,0.050517916679382324,on,0.5,100,47.71259689331055,0.0,
full_replay_damped_050,2,69,0.9988912343978882,0.03691665083169937,-0.0011087656021118164,on,0.5,100,45.96142578125,0.0,
full_replay_damped_050,2,70,0.9326808452606201,0.03866337239742279,-0.06731915473937988,on,0.5,100,44.91154098510742,0.0,
full_replay_damped_050,2,71,1.0267486572265625,0.03864799067378044,0.0267486572265625,on,0.5,100,45.07942199707031,0.0,
full_replay_damped_050,2,72,1.0304898023605347,0.03993271663784981,0.030489802360534668,on,0.5,100,43.45287322998047,0.0,
full_replay_damped_050,2,73,0.9115013480186462,0.0430801697075367,-0.08849865198135376,on,0.5,100,41.71146011352539,0.0,
full_replay_damped_050,2,74,0.9703785181045532,0.03514837473630905,-0.029621481895446777,on,0.5,100,50.73801803588867,0.0,
full_replay_damped_050,2,75,1.054711937904358,0.03513973206281662,0.05471193790435791,on,0.5,100,45.974422454833984,0.0,
full_replay_damped_050,2,76,0.9979268312454224,0.038583412766456604,-0.0020731687545776367,on,0.5,100,39.00743103027344,0.0,
full_replay_damped_050,2,77,0.9601403474807739,0.044177763164043427,-0.039859652519226074,on,0.5,100,36.9776496887207,0.0,
full_replay_damped_050,2,78,1.0106172561645508,0.040931977331638336,0.010617256164550781,on,0.5,100,42.368534088134766,0.0,
full_replay_damped_050,2,79,0.9990869164466858,0.03675267845392227,-0.000913083553314209,on,0.5,100,48.89866638183594,0.0,
full_replay_damped_050,2,80,0.9716209173202515,0.039093125611543655,-0.028379082679748535,on,0.5,100,43.69537353515625,0.0,
full_replay_damped_050,2,81,0.982132613658905,0.040249500423669815,-0.01786738634109497,on,0.5,100,40.62934875488281,0.0,
full_replay_damped_050,2,82,0.9951184391975403,0.037160661071538925,-0.004881560802459717,on,0.5,100,44.41632080078125,0.0,
full_replay_damped_050,2,83,1.0104045867919922,0.03753853216767311,0.010404586791992188,on,0.5,100,45.76124572753906,0.0,
full_replay_damped_050,2,84,0.9987388849258423,0.03747613728046417,-0.0012611150741577148,on,0.5,100,43.90230941772461,0.0,
full_replay_damped_050,2,85,0.9447858333587646,0.04088261350989342,-0.05521416664123535,on,0.5,100,41.38034439086914,0.0,
full_replay_damped_050,2,86,1.0060193538665771,0.03685883805155754,0.0060193538665771484,on,0.5,100,43.53156280517578,0.0,
full_replay_damped_050,2,87,1.020812749862671,0.0366695299744606,0.0208127498626709,on,0.5,100,42.45420455932617,0.0,
full_replay_damped_050,2,88,0.9650218486785889,0.038083817809820175,-0.03497815132141113,on,0.5,100,39.48699951171875,0.0,
full_replay_damped_050,2,89,1.0052939653396606,0.038483038544654846,0.0052939653396606445,on,0.5,100,44.03921127319336,0.0,
full_replay_damped_050,2,90,1.010982632637024,0.038315072655677795,0.010982632637023926,on,0.5,100,43.76511001586914,0.0,
full_replay_damped_050,2,91,0.9928018450737,0.03644125536084175,-0.007198154926300049,on,0.5,100,43.10493087768555,0.0,
full_replay_damped_050,2,92,1.0002955198287964,0.03591282293200493,0.0002955198287963867,on,0.5,100,39.95905685424805,0.0,
full_replay_damped_050,2,93,0.9970129728317261,0.03518194332718849,-0.0029870271682739258,on,0.5,100,39.646156311035156,0.0,
full_replay_damped_050,2,94,0.9932627081871033,0.035991083830595016,-0.0067372918128967285,on,0.5,100,39.03614044189453,0.0,
full_replay_damped_050,2,95,0.9630939364433289,0.03681168332695961,-0.03690606355667114,on,0.5,100,40.807167053222656,0.0,
full_replay_damped_050,2,96,0.9928258657455444,0.03383048251271248,-0.007174134254455566,on,0.5,100,40.56547927856445,0.0,
full_replay_damped_050,2,97,1.0470433235168457,0.03407721593976021,0.0470433235168457,on,0.5,100,37.75510787963867,0.0,
full_replay_damped_050,2,98,0.9450268745422363,0.037382032722234726,-0.05497312545776367,on,0.5,100,39.8388557434082,0.0,
full_replay_damped_050,2,99,0.9562700986862183,0.036457519978284836,-0.04372990131378174,on,0.5,100,44.87177658081055,0.0,
full_replay_damped_050,2,100,1.0835325717926025,0.032725971192121506,0.08353257179260254,on,0.5,100,42.3127326965332,0.0,
full_no_replay_damped_optimal,0,0,1.05,0.02,0.050000000000000044,off,0.25050977426262483,0,nan,nan,
full_no_replay_damped_optimal,0,1,0.6893976330757141,0.07416501641273499,-0.3106023669242859,off,0.25050977426262483,5000,22.848234176635742,0.0,
full_no_replay_damped_optimal,0,2,1.1193164587020874,0.04511205479502678,0.1193164587020874,off,0.25050977426262483,100,150.8965606689453,0.0,
full_no_replay_damped_optimal,0,3,0.9724173545837402,0.04384288564324379,-0.027582645416259766,off,0.25050977426262483,100,54.381248474121094,0.0,
full_no_replay_damped_optimal,0,4,1.030522108078003,0.04279031231999397,0.03052210807800293,off,0.25050977426262483,100,48.7770881652832,0.0,
full_no_replay_damped_optimal,0,5,0.9967430830001831,0.040995027869939804,-0.0032569169998168945,off,0.25050977426262483,100,46.05217742919922,0.0,
full_no_replay_damped_optimal,0,6,1.0030317306518555,0.04109954088926315,0.0030317306518554688,off,0.25050977426262483,100,45.2495002746582,0.0,
full_no_replay_damped_optimal,0,7,1.0233545303344727,0.04116455838084221,0.023354530334472656,off,0.25050977426262483,100,45.23881912231445,0.0,
full_no_replay_damped_optimal,0,8,1.0093964338302612,0.04065220430493355,0.00939643383026123,off,0.25050977426262483,100,45.68259811401367,0.0,
full_no_replay_damped_optimal,0,9,1.0097312927246094,0.04038732498884201,0.009731292724609375,off,0.25050977426262483,100,45.42625045776367,0.0,
full_no_replay_damped_optimal,0,10,0.9916123151779175,0.04082372412085533,-0.00838768482208252,off,0.25050977426262483,100,43.47814178466797,0.0,
full_no_replay_damped_optimal,0,11,1.0049852132797241,0.0408594012260437,0.004985213279724121,off,0.25050977426262483,100,45.22411346435547,0.0,
full_no_replay_damped_optimal,0,12,1.0250791311264038,0.04055677354335785,0.02507913112640381,off,0.25050977426262483,100,47.80614471435547,0.0,
full_no_replay_damped_optimal,0,13,0.9919730424880981,0.04069165512919426,-0.008026957511901855,off,0.25050977426262483,100,40.45317840576172,0.0,
full_no_replay_damped_optimal,0,14,1.029310941696167,0.04144876450300217,0.029310941696166992,off,0.25050977426262483,100,40.30690383911133,0.0,
full_no_replay_damped_optimal,0,15,0.9782831072807312,0.04189995676279068,-0.0217168927192688,off,0.25050977426262483,100,45.42020797729492,0.0,
full_no_replay_damped_optimal,0,16,0.9923126697540283,0.041109856218099594,-0.00768733024597168,off,0.25050977426262483,100,47.55997848510742,0.0,
full_no_replay_damped_optimal,0,17,1.0005924701690674,0.04084937646985054,0.0005924701690673828,off,0.25050977426262483,100,44.73980712890625,0.0,
full_no_replay_damped_optimal,0,18,0.9743428826332092,0.04301978647708893,-0.02565711736679077,off,0.25050977426262483,100,41.37744140625,0.0,
full_no_replay_damped_optimal,0,19,0.9920720458030701,0.04132700711488724,-0.007927954196929932,off,0.25050977426262483,100,47.9451904296875,0.0,
full_no_replay_damped_optimal,0,20,0.981269359588623,0.04132819175720215,-0.018730640411376953,off,0.25050977426262483,100,43.49325942993164,0.0,
full_no_replay_damped_optimal,0,21,1.0116671323776245,0.04018944874405861,0.011667132377624512,off,0.25050977426262483,100,46.38427734375,0.0,
full_no_replay_damped_optimal,0,22,1.0015835762023926,0.040995918214321136,0.0015835762023925781,off,0.25050977426262483,100,46.43457794189453,0.0,
full_no_replay_damped_optimal,0,23,1.0002776384353638,0.04135633260011673,0.00027763843536376953,off,0.25050977426262483,100,48.43939208984375,0.0,
full_no_replay_damped_optimal,0,24,0.9965689182281494,0.04191843792796135,-0.003431081771850586,off,0.25050977426262483,100,40.80905532836914,0.0,
full_no_replay_damped_optimal,0,25,0.9749876260757446,0.04177835211157799,-0.02501237392425537,off,0.25050977426262483,100,47.11371994018555,0.0,
full_no_replay_damped_optimal,0,26,1.0042818784713745,0.040347870439291,0.004281878471374512,off,0.25050977426262483,100,48.23662185668945,0.0,
full_no_replay_damped_optimal,0,27,1.0045933723449707,0.04073522984981537,0.004593372344970703,off,0.25050977426262483,100,48.22185516357422,0.0,
full_no_replay_damped_optimal,0,28,0.9904912114143372,0.04100321605801582,-0.009508788585662842,off,0.25050977426262483,100,41.67561340332031,0.0,
full_no_replay_damped_optimal,0,29,0.9793564677238464,0.04134231060743332,-0.020643532276153564,off,0.25050977426262483,100,47.85606384277344,0.0,
full_no_replay_damped_optimal,0,30,0.986972451210022,0.040352486073970795,-0.013027548789978027,off,0.25050977426262483,100,44.930789947509766,0.0,
full_no_replay_damped_optimal,0,31,1.0110313892364502,0.042521070688962936,0.011031389236450195,off,0.25050977426262483,100,44.26209259033203,0.0,
full_no_replay_damped_optimal,0,32,1.004624843597412,0.040421631187200546,0.004624843597412109,off,0.25050977426262483,100,48.88536834716797,0.0,
full_no_replay_damped_optimal,0,33,1.008548617362976,0.040571995079517365,0.008548617362976074,off,0.25050977426262483,100,46.09652328491211,0.0,
full_no_replay_damped_optimal,0,34,1.0046395063400269,0.04128699377179146,0.0046395063400268555,off,0.25050977426262483,100,41.501346588134766,0.0,
full_no_replay_damped_optimal,0,35,0.988292396068573,0.04263349249958992,-0.011707603931427002,off,0.25050977426262483,100,38.26655578613281,0.0,
full_no_replay_damped_optimal,0,36,0.9939748048782349,0.04117611050605774,-0.006025195121765137,off,0.25050977426262483,100,46.231468200683594,0.0,
full_no_replay_damped_optimal,0,37,0.9951721429824829,0.04111340269446373,-0.00482785701751709,off,0.25050977426262483,100,47.52297592163086,0.0,
full_no_replay_damped_optimal,0,38,1.0014408826828003,0.04121674969792366,0.001440882682800293,off,0.25050977426262483,100,42.90593719482422,0.0,
full_no_replay_damped_optimal,0,39,1.0006133317947388,0.04017841815948486,0.0006133317947387695,off,0.25050977426262483,100,44.78348159790039,0.0,
full_no_replay_damped_optimal,0,40,0.9901020526885986,0.04015784710645676,-0.009897947311401367,off,0.25050977426262483,100,46.55313491821289,0.0,
full_no_replay_damped_optimal,0,41,0.9752910137176514,0.04180227220058441,-0.024708986282348633,off,0.25050977426262483,100,37.742252349853516,0.0,
full_no_replay_damped_optimal,0,42,1.004238486289978,0.04205697774887085,0.004238486289978027,off,0.25050977426262483,100,41.332908630371094,0.0,
full_no_replay_damped_optimal,0,43,0.9871384501457214,0.040877439081668854,-0.012861549854278564,off,0.25050977426262483,100,52.13077926635742,0.0,
full_no_replay_damped_optimal,0,44,1.003720760345459,0.04230403155088425,0.0037207603454589844,off,0.25050977426262483,100,41.26642608642578,0.0,
full_no_replay_damped_optimal,0,45,0.9948775172233582,0.040861573070287704,-0.005122482776641846,off,0.25050977426262483,100,42.0649299621582,0.0,
full_no_replay_damped_optimal,0,46,0.9912273287773132,0.04093398153781891,-0.008772671222686768,off,0.25050977426262483,100,47.77223587036133,0.0,
full_no_replay_damped_optimal,0,47,0.9876443147659302,0.04080677404999733,-0.012355685234069824,off,0.25050977426262483,100,45.43427658081055,0.0,
full_no_replay_damped_optimal,0,48,0.9799211621284485,0.039727695286273956,-0.020078837871551514,off,0.25050977426262483,100,44.57916259765625,0.0,
full_no_replay_damped_optimal,0,49,1.0072060823440552,0.03841591626405716,0.007206082344055176,off,0.25050977426262483,100,42.87022018432617,0.0,
full_no_replay_damped_optimal,0,50,0.978218138217926,0.040702275931835175,-0.021781861782073975,off,0.25050977426262483,100,47.27910232543945,0.0,
full_no_replay_damped_optimal,0,51,0.9918734431266785,0.039282795041799545,-0.008126556873321533,off,0.25050977426262483,100,43.969444274902344,0.0,
full_no_replay_damped_optimal,0,52,1.0032756328582764,0.03939099609851837,0.003275632858276367,off,0.25050977426262483,100,46.16315460205078,0.0,
full_no_replay_damped_optimal,0,53,1.0072941780090332,0.04128864035010338,0.007294178009033203,off,0.25050977426262483,100,38.52273941040039,0.0,
full_no_replay_damped_optimal,0,54,0.9905393719673157,0.03978805989027023,-0.009460628032684326,off,0.25050977426262483,100,46.39280319213867,0.0,
full_no_replay_damped_optimal,0,55,1.0072667598724365,0.03909553959965706,0.0072667598724365234,off,0.25050977426262483,100,44.58473205566406,0.0,
full_no_replay_damped_optimal,0,56,0.9789466857910156,0.039589762687683105,-0.021053314208984375,off,0.25050977426262483,100,40.69640350341797,0.0,
full_no_replay_damped_optimal,0,57,1.0046465396881104,0.040202680975198746,0.0046465396881103516,off,0.25050977426262483,100,44.47539138793945,0.0,
full_no_replay_damped_optimal,0,58,1.0023921728134155,0.04049558565020561,0.0023921728134155273,off,0.25050977426262483,100,40.076717376708984,0.0,
full_no_replay_damped_optimal,0,59,1.0115679502487183,0.04037623107433319,0.011567950248718262,off,0.25050977426262483,100,43.33539962768555,0.0,
full_no_replay_damped_optimal,0,60,0.9825912117958069,0.03848647326231003,-0.017408788204193115,off,0.25050977426262483,100,44.4525032043457,0.0,
full_no_replay_damped_optimal,0,61,0.9993749260902405,0.0381978340446949,-0.0006250739097595215,off,0.25050977426262483,100,47.024658203125,0.0,
full_no_replay_damped_optimal,0,62,1.0291858911514282,0.0388411208987236,0.029185891151428223,off,0.25050977426262483,100,41.97883605957031,0.0,
full_no_replay_damped_optimal,0,63,0.9826425909996033,0.03749639913439751,-0.01735740900039673,off,0.25050977426262483,100,45.475101470947266,0.0,
full_no_replay_damped_optimal,0,64,1.0085276365280151,0.03798973187804222,0.008527636528015137,off,0.25050977426262483,100,44.54982376098633,0.0,
full_no_replay_damped_optimal,0,65,0.9796572327613831,0.03847562149167061,-0.020342767238616943,off,0.25050977426262483,100,40.099510192871094,0.0,
full_no_replay_damped_optimal,0,66,1.0123850107192993,0.037928320467472076,0.012385010719299316,off,0.25050977426262483,100,41.78379440307617,0.0,
full_no_replay_damped_optimal,0,67,0.9981474876403809,0.03751204535365105,-0.0018525123596191406,off,0.25050977426262483,100,45.12101364135742,0.0,
full_no_replay_damped_optimal,0,68,0.9976176023483276,0.03900176286697388,-0.0023823976516723633,off,0.25050977426262483,100,39.03885269165039,0.0,
full_no_replay_damped_optimal,0,69,1.0096474885940552,0.03873514384031296,0.009647488594055176,off,0.25050977426262483,100,44.37160110473633,0.0,
full_no_replay_damped_optimal,0,70,0.985268235206604,0.0389065183699131,-0.014731764793395996,off,0.25050977426262483,100,45.743289947509766,0.0,
full_no_replay_damped_optimal,0,71,0.9948257803916931,0.03897908329963684,-0.005174219608306885,off,0.25050977426262483,100,40.93016815185547,0.0,
full_no_replay_damped_optimal,0,72,0.9928787350654602,0.03786539286375046,-0.007121264934539795,off,0.25050977426262483,100,46.140682220458984,0.0,
full_no_replay_damped_optimal,0,73,0.9747380018234253,0.036590710282325745,-0.025261998176574707,off,0.25050977426262483,100,45.4894905090332,0.0,
full_no_replay_damped_optimal,0,74,1.0097671747207642,0.03708910569548607,0.00976717472076416,off,0.25050977426262483,100,38.938743591308594,0.0,
full_no_replay_damped_optimal,0,75,0.9933871030807495,0.03669392690062523,-0.006612896919250488,off,0.25050977426262483,100,41.05091857910156,0.0,
full_no_replay_damped_optimal,0,76,0.9968936443328857,0.03639541566371918,-0.003106355667114258,off,0.25050977426262483,100,43.23743438720703,0.0,
full_no_replay_damped_optimal,0,77,1.0000083446502686,0.037453483790159225,8.344650268554688e-06,off,0.25050977426262483,100,41.96614074707031,0.0,
full_no_replay_damped_optimal,0,78,1.0015548467636108,0.03756570443511009,0.0015548467636108398,off,0.25050977426262483,100,42.59734344482422,0.0,
full_no_replay_damped_optimal,0,79,0.9894407987594604,0.03812060505151749,-0.01055920124053955,off,0.25050977426262483,100,39.213504791259766,0.0,
full_no_replay_damped_optimal,0,80,1.0102710723876953,0.038823261857032776,0.010271072387695312,off,0.25050977426262483,100,37.14546585083008,0.0,
full_no_replay_damped_optimal,0,81,0.9859949350357056,0.036900561302900314,-0.014005064964294434,off,0.25050977426262483,100,45.95071029663086,0.0,
full_no_replay_damped_optimal,0,82,0.985434889793396,0.03701946884393692,-0.014565110206604004,off,0.25050977426262483,100,41.7625732421875,0.0,
full_no_replay_damped_optimal,0,83,0.9975811243057251,0.03445245698094368,-0.0024188756942749023,off,0.25050977426262483,100,41.155052185058594,0.0,
full_no_replay_damped_optimal,0,84,0.9995706081390381,0.03626271337270737,-0.00042939186096191406,off,0.25050977426262483,100,35.52443313598633,0.0,
full_no_replay_damped_optimal,0,85,1.0008065700531006,0.036566052585840225,0.0008065700531005859,off,0.25050977426262483,100,45.70497131347656,0.0,
full_no_replay_damped_optimal,0,86,0.9973025321960449,0.03491019457578659,-0.002697467803955078,off,0.25050977426262483,100,43.193565368652344,0.0,
full_no_replay_damped_optimal,0,87,0.9970288872718811,0.03646659851074219,-0.0029711127281188965,off,0.25050977426262483,100,38.28406524658203,0.0,
full_no_replay_damped_optimal,0,88,1.000348687171936,0.03573988005518913,0.00034868717193603516,off,0.25050977426262483,100,43.320838928222656,0.0,
full_no_replay_damped_optimal,0,89,0.9923184514045715,0.03567580133676529,-0.007681548595428467,off,0.25050977426262483,100,42.09086990356445,0.0,
full_no_replay_damped_optimal,0,90,0.9764997959136963,0.03750912472605705,-0.02350020408630371,off,0.25050977426262483,100,36.482177734375,0.0,
full_no_replay_damped_optimal,0,91,0.9918019771575928,0.03569610044360161,-0.008198022842407227,off,0.25050977426262483,100,45.90073776245117,0.0,
full_no_replay_damped_optimal,0,92,1.0024902820587158,0.03508845344185829,0.0024902820587158203,off,0.25050977426262483,100,37.37781524658203,0.0,
full_no_replay_damped_optimal,0,93,0.9796400666236877,0.036781683564186096,-0.020359933376312256,off,0.25050977426262483,100,40.37141418457031,0.0,
full_no_replay_damped_optimal,0,94,0.9963874220848083,0.03442075848579407,-0.0036125779151916504,off,0.25050977426262483,100,45.236785888671875,0.0,
full_no_replay_damped_optimal,0,95,0.9979504942893982,0.03572116419672966,-0.0020495057106018066,off,0.25050977426262483,100,38.95587158203125,0.0,
full_no_replay_damped_optimal,0,96,0.9851958155632019,0.03509586304426193,-0.014804184436798096,off,0.25050977426262483,100,41.54388427734375,0.0,
full_no_replay_damped_optimal,0,97,1.0033361911773682,0.03349466621875763,0.003336191177368164,off,0.25050977426262483,100,42.557411193847656,0.0,
full_no_replay_damped_optimal,0,98,0.9938976764678955,0.03509046137332916,-0.006102323532104492,off,0.25050977426262483,100,37.838096618652344,0.0,
full_no_replay_damped_optimal,0,99,1.0132719278335571,0.035654425621032715,0.013271927833557129,off,0.25050977426262483,100,34.35771560668945,0.0,
full_no_replay_damped_optimal,0,100,1.016569972038269,0.035211559385061264,0.016569972038269043,off,0.25050977426262483,100,37.16050720214844,0.0,
full_no_replay_damped_optimal,1,0,1.05,0.02,0.050000000000000044,off,0.25050977426262483,0,nan,nan,
full_no_replay_damped_optimal,1,1,0.4813023507595062,0.12982319295406342,-0.5186976492404938,off,0.25050977426262483,5000,21.77318572998047,0.0,
full_no_replay_damped_optimal,1,2,1.1014310121536255,0.048959773033857346,0.10143101215362549,off,0.25050977426262483,100,384.39312744140625,0.0,
full_no_replay_damped_optimal,1,3,0.9610926508903503,0.04903842508792877,-0.03890734910964966,off,0.25050977426262483,100,60.38243103027344,0.0,
full_no_replay_damped_optimal,1,4,1.0114755630493164,0.0437617190182209,0.011475563049316406,off,0.25050977426262483,100,49.108543395996094,0.0,
full_no_replay_damped_optimal,1,5,1.024786353111267,0.04168318212032318,0.02478635311126709,off,0.25050977426262483,100,52.59396743774414,0.0,
full_no_replay_damped_optimal,1,6,1.0031980276107788,0.04238514229655266,0.0031980276107788086,off,0.25050977426262483,100,44.87215042114258,0.0,
full_no_replay_damped_optimal,1,7,1.0508513450622559,0.0410100556910038,0.05085134506225586,off,0.25050977426262483,100,50.80296325683594,0.0,
full_no_replay_damped_optimal,1,8,0.9822537899017334,0.0417851060628891,-0.0177462100982666,off,0.25050977426262483,100,43.0,0.0,
full_no_replay_damped_optimal,1,9,1.0248982906341553,0.03968982398509979,0.024898290634155273,off,0.25050977426262483,100,49.3692626953125,0.0,
full_no_replay_damped_optimal,1,10,0.9840189218521118,0.040908560156822205,-0.015981078147888184,off,0.25050977426262483,100,41.38124084472656,0.0,
full_no_replay_damped_optimal,1,11,1.0138256549835205,0.04092301428318024,0.013825654983520508,off,0.25050977426262483,100,49.758270263671875,0.0,
full_no_replay_damped_optimal,1,12,0.9929240345954895,0.04188895970582962,-0.007075965404510498,off,0.25050977426262483,100,42.46901321411133,0.0,
full_no_replay_damped_optimal,1,13,0.9967638850212097,0.042249854654073715,-0.003236114978790283,off,0.25050977426262483,100,45.351497650146484,0.0,
full_no_replay_damped_optimal,1,14,1.0090998411178589,0.04241885989904404,0.009099841117858887,off,0.25050977426262483,100,46.14902114868164,0.0,
full_no_replay_damped_optimal,1,15,1.0000059604644775,0.042559459805488586,5.9604644775390625e-06,off,0.25050977426262483,100,42.305789947509766,0.0,
full_no_replay_damped_optimal,1,16,0.9972057342529297,0.04308807849884033,-0.0027942657470703125,off,0.25050977426262483,100,46.8331298828125,0.0,
full_no_replay_damped_optimal,1,17,1.0213992595672607,0.04195886105298996,0.021399259567260742,off,0.25050977426262483,100,49.234134674072266,0.0,
full_no_replay_damped_optimal,1,18,1.0061308145523071,0.04250679165124893,0.006130814552307129,off,0.25050977426262483,100,47.82268524169922,0.0,
full_no_replay_damped_optimal,1,19,0.9876462817192078,0.0420013964176178,-0.012353718280792236,off,0.25050977426262483,100,47.58454895019531,0.0,
full_no_replay_damped_optimal,1,20,0.9981420040130615,0.042146217077970505,-0.0018579959869384766,off,0.25050977426262483,100,45.54475402832031,0.0,
full_no_replay_damped_optimal,1,21,0.9971028566360474,0.041630201041698456,-0.0028971433639526367,off,0.25050977426262483,100,46.7055549621582,0.0,
full_no_replay_damped_optimal,1,22,0.9968382716178894,0.04209767282009125,-0.0031617283821105957,off,0.25050977426262483,100,48.55916213989258,0.0,
full_no_replay_damped_optimal,1,23,0.9933375120162964,0.04079103469848633,-0.006662487983703613,off,0.25050977426262483,100,50.016571044921875,0.0,
full_no_replay_damped_optimal,1,24,1.0244230031967163,0.04218263924121857,0.02442300319671631,off,0.25050977426262483,100,44.63300704956055,0.0,
full_no_replay_damped_optimal,1,25,0.9946184754371643,0.04284437373280525,-0.005381524562835693,off,0.25050977426262483,100,45.567684173583984,0.0,
full_no_replay_damped_optimal,1,26,0.9874269366264343,0.04271293431520462,-0.012573063373565674,off,0.25050977426262483,100,50.73732376098633,0.0,
full_no_replay_damped_optimal,1,27,1.0182431936264038,0.04226633906364441,0.01824319362640381,off,0.25050977426262483,100,51.134334564208984,0.0,
full_no_replay_damped_optimal,1,28,0.9974949359893799,0.04216178506612778,-0.002505064010620117,off,0.25050977426262483,100,45.47420883178711,0.0,
full_no_replay_damped_optimal,1,29,1.0196870565414429,0.04076366499066353,0.01968705654144287,off,0.25050977426262483,100,49.94795608520508,0.0,
full_no_replay_damped_optimal,1,30,1.0016433000564575,0.04268674924969673,0.0016433000564575195,off,0.25050977426262483,100,44.91707992553711,0.0,
full_no_replay_damped_optimal,1,31,1.0163060426712036,0.04144973307847977,0.016306042671203613,off,0.25050977426262483,100,43.704402923583984,0.0,
full_no_replay_damped_optimal,1,32,0.9995854496955872,0.042282819747924805,-0.0004145503044128418,off,0.25050977426262483,100,46.68790054321289,0.0,
full_no_replay_damped_optimal,1,33,1.0032660961151123,0.041895441710948944,0.0032660961151123047,off,0.25050977426262483,100,46.51887130737305,0.0,
full_no_replay_damped_optimal,1,34,1.005705714225769,0.04003477096557617,0.005705714225769043,off,0.25050977426262483,100,46.42420196533203,0.0,
full_no_replay_damped_optimal,1,35,1.0028131008148193,0.041894618421792984,0.002813100814819336,off,0.25050977426262483,100,47.73550796508789,0.0,
full_no_replay_damped_optimal,1,36,0.9869189262390137,0.040594834834337234,-0.013081073760986328,off,0.25050977426262483,100,47.87332534790039,0.0,
full_no_replay_damped_optimal,1,37,0.9883156418800354,0.04170592129230499,-0.0116843581199646,off,0.25050977426262483,100,43.869598388671875,0.0,
full_no_replay_damped_optimal,1,38,1.0058250427246094,0.04022613540291786,0.005825042724609375,off,0.25050977426262483,100,47.190311431884766,0.0,
full_no_replay_damped_optimal,1,39,0.9948877692222595,0.04305318742990494,-0.0051122307777404785,off,0.25050977426262483,100,45.520809173583984,0.0,
full_no_replay_damped_optimal,1,40,1.0134742259979248,0.04066271334886551,0.013474225997924805,off,0.25050977426262483,100,42.52231216430664,0.0,
full_no_replay_damped_optimal,1,41,0.9856337904930115,0.042567506432533264,-0.014366209506988525,off,0.25050977426262483,100,48.2255859375,0.0,
full_no_replay_damped_optimal,1,42,1.0024330615997314,0.0410410575568676,0.0024330615997314453,off,0.25050977426262483,100,46.661293029785156,0.0,
full_no_replay_damped_optimal,1,43,0.9895015358924866,0.04127579927444458,-0.010498464107513428,off,0.25050977426262483,100,44.01484298706055,0.0,
full_no_replay_damped_optimal,1,44,1.0056005716323853,0.0411674901843071,0.005600571632385254,off,0.25050977426262483,100,41.20841598510742,0.0,
full_no_replay_damped_optimal,1,45,0.9851672053337097,0.04158389940857887,-0.014832794666290283,off,0.25050977426262483,100,46.18655014038086,0.0,
full_no_replay_damped_optimal,1,46,1.0186761617660522,0.04048554226756096,0.018676161766052246,off,0.25050977426262483,100,46.77688217163086,0.0,
full_no_replay_damped_optimal,1,47,0.9940423965454102,0.041926268488168716,-0.005957603454589844,off,0.25050977426262483,100,48.926483154296875,0.0,
full_no_replay_damped_optimal,1,48,0.9918799996376038,0.04013613983988762,-0.00812000036239624,off,0.25050977426262483,100,45.702049255371094,0.0,
full_no_replay_damped_optimal,1,49,0.9819814562797546,0.04247007519006729,-0.01801854372024536,off,0.25050977426262483,100,43.996185302734375,0.0,
full_no_replay_damped_optimal,1,50,1.001339316368103,0.04131307825446129,0.0013393163681030273,off,0.25050977426262483,100,45.918212890625,0.0,
full_no_replay_damped_optimal,1,51,0.9763654470443726,0.04098283872008324,-0.02363455295562744,off,0.25050977426262483,100,45.63356399536133,0.0,
full_no_replay_damped_optimal,1,52,1.01471745967865,0.040711842477321625,0.014717459678649902,off,0.25050977426262483,100,48.1455078125,0.0,
full_no_replay_damped_optimal,1,53,0.9753578305244446,0.040487468242645264,-0.02464216947555542,off,0.25050977426262483,100,47.029109954833984,0.0,
full_no_replay_damped_optimal,1,54,1.003762125968933,0.04080960899591446,0.0037621259689331055,off,0.25050977426262483,100,46.253944396972656,0.0,
full_no_replay_damped_optimal,1,55,0.9845836162567139,0.0405135452747345,-0.015416383743286133,off,0.25050977426262483,100,46.822444915771484,0.0,
full_no_replay_damped_optimal,1,56,0.9893691539764404,0.04120633378624916,-0.01063084602355957,off,0.25050977426262483,100,43.04896926879883,0.0,
full_no_replay_damped_optimal,1,57,1.01083505153656,0.041967179626226425,0.010835051536560059,off,0.25050977426262483,100,48.1982307434082,0.0,
full_no_replay_damped_optimal,1,58,0.9969056844711304,0.04065792262554169,-0.003094315528869629,off,0.25050977426262483,100,45.79548645019531,0.0,
full_no_replay_damped_optimal,1,59,1.0072895288467407,0.042065393179655075,0.007289528846740723,off,0.25050977426262483,100,41.65518569946289,0.0,
full_no_replay_damped_optimal,1,60,0.9957488179206848,0.041699621826410294,-0.0042511820793151855,off,0.25050977426262483,100,48.9045295715332,0.0,
full_no_replay_damped_optimal,1,61,0.9934939742088318,0.041518084704875946,-0.006506025791168213,off,0.25050977426262483,100,42.73516845703125,0.0,
full_no_replay_damped_optimal,1,62,1.00663423538208,0.04145056754350662,0.006634235382080078,off,0.25050977426262483,100,41.76327896118164,0.0,
full_no_replay_damped_optimal,1,63,1.0019161701202393,0.04119246453046799,0.0019161701202392578,off,0.25050977426262483,100,46.91108322143555,0.0,
full_no_replay_damped_optimal,1,64,0.9760027527809143,0.04029466211795807,-0.023997247219085693,off,0.25050977426262483,100,45.46479415893555,0.0,
full_no_replay_damped_optimal,1,65,1.01767897605896,0.04097083956003189,0.01767897605895996,off,0.25050977426262483,100,41.172611236572266,0.0,
full_no_replay_damped_optimal,1,66,1.004652500152588,0.04023703187704086,0.004652500152587891,off,0.25050977426262483,100,44.7005615234375,0.0,
full_no_replay_damped_optimal,1,67,0.991426944732666,0.04074954241514206,-0.008573055267333984,off,0.25050977426262483,100,44.62314224243164,0.0,
full_no_replay_damped_optimal,1,68,0.9934582114219666,0.04133673012256622,-0.006541788578033447,off,0.25050977426262483,100,45.47053146362305,0.0,
full_no_replay_damped_optimal,1,69,1.0164152383804321,0.040239982306957245,0.01641523838043213,off,0.25050977426262483,100,43.677547454833984,0.0,
full_no_replay_damped_optimal,1,70,0.9915195107460022,0.04089755564928055,-0.008480489253997803,off,0.25050977426262483,100,41.85243225097656,0.0,
full_no_replay_damped_optimal,1,71,1.0011032819747925,0.040876515209674835,0.0011032819747924805,off,0.25050977426262483,100,41.710731506347656,0.0,
full_no_replay_damped_optimal,1,72,0.9996377229690552,0.04049438610672951,-0.0003622770309448242,off,0.25050977426262483,100,46.27368927001953,0.0,
full_no_replay_damped_optimal,1,73,0.9868332147598267,0.04076654836535454,-0.01316678524017334,off,0.25050977426262483,100,40.565181732177734,0.0,
full_no_replay_damped_optimal,1,74,1.012198805809021,0.04054925963282585,0.012198805809020996,off,0.25050977426262483,100,48.02808380126953,0.0,
full_no_replay_damped_optimal,1,75,0.995301365852356,0.04093014448881149,-0.004698634147644043,off,0.25050977426262483,100,46.654823303222656,0.0,
full_no_replay_damped_optimal,1,76,0.9937281012535095,0.04099242761731148,-0.0062718987464904785,off,0.25050977426262483,100,44.266258239746094,0.0,
full_no_replay_damped_optimal,1,77,1.0054843425750732,0.03948913514614105,0.005484342575073242,off,0.25050977426262483,100,48.14179992675781,0.0,
full_no_replay_damped_optimal,1,78,0.9994788765907288,0.04091884568333626,-0.0005211234092712402,off,0.25050977426262483,100,39.2993278503418,0.0,
full_no_replay_damped_optimal,1,79,1.0076631307601929,0.04051747918128967,0.007663130760192871,off,0.25050977426262483,100,44.55742263793945,0.0,
full_no_replay_damped_optimal,1,80,0.9975683689117432,0.039692625403404236,-0.002431631088256836,off,0.25050977426262483,100,44.91720962524414,0.0,
full_no_replay_damped_optimal,1,81,1.020216703414917,0.039460573345422745,0.020216703414916992,off,0.25050977426262483,100,40.028038024902344,0.0,
full_no_replay_damped_optimal,1,82,0.9885345697402954,0.04045066982507706,-0.01146543025970459,off,0.25050977426262483,100,44.13970947265625,0.0,
full_no_replay_damped_optimal,1,83,1.0019607543945312,0.03990945592522621,0.00196075439453125,off,0.25050977426262483,100,42.65436553955078,0.0,
full_no_replay_damped_optimal,1,84,0.9716619849205017,0.04128601774573326,-0.02833801507949829,off,0.25050977426262483,100,41.27490997314453,0.0,
full_no_replay_damped_optimal,1,85,0.9836708903312683,0.039355430752038956,-0.01632910966873169,off,0.25050977426262483,100,41.54140853881836,0.0,
full_no_replay_damped_optimal,1,86,0.9956288933753967,0.03936655819416046,-0.0043711066246032715,off,0.25050977426262483,100,50.09484100341797,0.0,
full_no_replay_damped_optimal,1,87,1.0006250143051147,0.039337944239377975,0.0006250143051147461,off,0.25050977426262483,100,42.39085388183594,0.0,
full_no_replay_damped_optimal,1,88,0.9820154309272766,0.03908267244696617,-0.01798456907272339,off,0.25050977426262483,100,46.123504638671875,0.0,
full_no_replay_damped_optimal,1,89,0.9907911419868469,0.03916850686073303,-0.009208858013153076,off,0.25050977426262483,100,42.40292739868164,0.0,
full_no_replay_damped_optimal,1,90,1.0106478929519653,0.03792509809136391,0.010647892951965332,off,0.25050977426262483,100,42.51172637939453,0.0,
full_no_replay_damped_optimal,1,91,1.0001600980758667,0.038158953189849854,0.00016009807586669922,off,0.25050977426262483,100,41.81834411621094,0.0,
full_no_replay_damped_optimal,1,92,0.9962769746780396,0.03915615379810333,-0.0037230253219604492,off,0.25050977426262483,100,41.15703582763672,0.0,
full_no_replay_damped_optimal,1,93,1.0037106275558472,0.03901899233460426,0.003710627555847168,off,0.25050977426262483,100,43.88720703125,0.0,
full_no_replay_damped_optimal,1,94,0.9858869314193726,0.03846290335059166,-0.014113068580627441,off,0.25050977426262483,100,45.8259162902832,0.0,
full_no_replay_damped_optimal,1,95,0.9919465780258179,0.03777914494276047,-0.008053421974182129,off,0.25050977426262483,100,46.612117767333984,0.0,
full_no_replay_damped_optimal,1,96,1.0035263299942017,0.038734376430511475,0.00352632999420166,off,0.25050977426262483,100,41.7084846496582,0.0,
full_no_replay_damped_optimal,1,97,0.9891785979270935,0.038621414452791214,-0.010821402072906494,off,0.25050977426262483,100,41.757850646972656,0.0,
full_no_replay_damped_optimal,1,98,1.0103288888931274,0.038630809634923935,0.010328888893127441,off,0.25050977426262483,100,41.37146759033203,0.0,
full_no_replay_damped_optimal,1,99,1.0089696645736694,0.03828572854399681,0.008969664573669434,off,0.25050977426262483,100,46.428890228271484,0.0,
full_no_replay_damped_optimal,1,100,0.9926810264587402,0.038024984300136566,-0.007318973541259766,off,0.25050977426262483,100,36.41897964477539,0.0,
full_no_replay_damped_optimal,2,0,1.05,0.02,0.050000000000000044,off,0.25050977426262483,0,nan,nan,
full_no_replay_damped_optimal,2,1,0.13387174904346466,0.32715100049972534,-0.8661282509565353,off,0.25050977426262483,5000,23.142545700073242,0.0,
full_no_replay_damped_optimal,2,2,0.8561924695968628,0.0807705670595169,-0.1438075304031372,off,0.25050977426262483,100,1073.5028076171875,0.001953125,
full_no_replay_damped_optimal,2,3,1.0718369483947754,0.05691853165626526,0.07183694839477539,off,0.25050977426262483,100,99.18743896484375,0.0,
full_no_replay_damped_optimal,2,4,0.9369201064109802,0.056422941386699677,-0.06307989358901978,off,0.25050977426262483,100,60.65497970581055,0.0,
full_no_replay_damped_optimal,2,5,1.053550362586975,0.05013750120997429,0.0535503625869751,off,0.25050977426262483,100,58.59865188598633,0.0,
full_no_replay_damped_optimal,2,6,1.0005756616592407,0.049106352031230927,0.0005756616592407227,off,0.25050977426262483,100,58.5675163269043,0.0,
full_no_replay_damped_optimal,2,7,1.0012056827545166,0.045528288930654526,0.0012056827545166016,off,0.25050977426262483,100,54.88356018066406,0.0,
full_no_replay_damped_optimal,2,8,0.9929351806640625,0.04624605551362038,-0.0070648193359375,off,0.25050977426262483,100,55.54426956176758,0.0,
full_no_replay_damped_optimal,2,9,0.9910534024238586,0.04657144099473953,-0.008946597576141357,off,0.25050977426262483,100,53.788021087646484,0.0,
full_no_replay_damped_optimal,2,10,0.9771945476531982,0.04483534395694733,-0.022805452346801758,off,0.25050977426262483,100,53.03768539428711,0.0,
full_no_replay_damped_optimal,2,11,1.0019387006759644,0.04609769582748413,0.0019387006759643555,off,0.25050977426262483,100,47.86241912841797,0.0,
full_no_replay_damped_optimal,2,12,0.9865886569023132,0.04525058716535568,-0.013411343097686768,off,0.25050977426262483,100,47.069881439208984,0.0,
full_no_replay_damped_optimal,2,13,1.0020111799240112,0.045855116099119186,0.0020111799240112305,off,0.25050977426262483,100,57.2673225402832,0.0,
full_no_replay_damped_optimal,2,14,0.9993598461151123,0.04410378262400627,-0.0006401538848876953,off,0.25050977426262483,100,44.39271926879883,0.0,
full_no_replay_damped_optimal,2,15,1.0032470226287842,0.0466376356780529,0.0032470226287841797,off,0.25050977426262483,100,50.044281005859375,0.0,
full_no_replay_damped_optimal,2,16,0.9919041991233826,0.0447981059551239,-0.008095800876617432,off,0.25050977426262483,100,49.87063217163086,0.0,
full_no_replay_damped_optimal,2,17,1.035419225692749,0.044927217066287994,0.03541922569274902,off,0.25050977426262483,100,51.18579864501953,0.0,
full_no_replay_damped_optimal,2,18,0.9842191338539124,0.045993514358997345,-0.015780866146087646,off,0.25050977426262483,100,48.7744026184082,0.0,
full_no_replay_damped_optimal,2,19,0.9941335916519165,0.045784082263708115,-0.005866408348083496,off,0.25050977426262483,100,46.42440414428711,0.0,
full_no_replay_damped_optimal,2,20,0.9834235310554504,0.04513756185770035,-0.01657646894454956,off,0.25050977426262483,100,45.20931625366211,0.0,
full_no_replay_damped_optimal,2,21,1.0046062469482422,0.04479006305336952,0.0046062469482421875,off,0.25050977426262483,100,51.34999084472656,0.0,
full_no_replay_damped_optimal,2,22,0.9896777272224426,0.04481825977563858,-0.010322272777557373,off,0.25050977426262483,100,46.925926208496094,0.0,
full_no_replay_damped_optimal,2,23,0.9910152554512024,0.04429555684328079,-0.008984744548797607,off,0.25050977426262483,100,48.65038299560547,0.0,
full_no_replay_damped_optimal,2,24,1.0001771450042725,0.045443352311849594,0.00017714500427246094,off,0.25050977426262483,100,46.66349411010742,0.0,
full_no_replay_damped_optimal,2,25,0.9988656044006348,0.046301208436489105,-0.0011343955993652344,off,0.25050977426262483,100,46.688377380371094,0.0,
full_no_replay_damped_optimal,2,26,1.0048373937606812,0.04476449638605118,0.004837393760681152,off,0.25050977426262483,100,52.90343475341797,0.0,
full_no_replay_damped_optimal,2,27,0.965653121471405,0.045746129006147385,-0.03434687852859497,off,0.25050977426262483,100,48.95392990112305,0.0,
full_no_replay_damped_optimal,2,28,1.008523941040039,0.04491157829761505,0.008523941040039062,off,0.25050977426262483,100,53.270668029785156,0.0,
full_no_replay_damped_optimal,2,29,0.9872205853462219,0.04407791048288345,-0.012779414653778076,off,0.25050977426262483,100,48.361106872558594,0.0,
full_no_replay_damped_optimal,2,30,1.0111626386642456,0.04384656250476837,0.011162638664245605,off,0.25050977426262483,100,45.88803482055664,0.0,
full_no_replay_damped_optimal,2,31,0.9794019460678101,0.042746905237436295,-0.02059805393218994,off,0.25050977426262483,100,54.91763687133789,0.0,
full_no_replay_damped_optimal,2,32,0.9945998787879944,0.042714621871709824,-0.005400121212005615,off,0.25050977426262483,100,45.3100471496582,0.0,
full_no_replay_damped_optimal,2,33,0.9857609272003174,0.0428125336766243,-0.014239072799682617,off,0.25050977426262483,100,48.69905090332031,0.0,
full_no_replay_damped_optimal,2,34,0.9805591702461243,0.04216838255524635,-0.019440829753875732,off,0.25050977426262483,100,49.35371017456055,0.0,
full_no_replay_damped_optimal,2,35,0.995354413986206,0.04392657428979874,-0.004645586013793945,off,0.25050977426262483,100,45.57000732421875,0.0,
full_no_replay_damped_optimal,2,36,1.0030546188354492,0.04404488205909729,0.0030546188354492188,off,0.25050977426262483,100,46.167030334472656,0.0,
full_no_replay_damped_optimal,2,37,0.9974517822265625,0.04306986555457115,-0.0025482177734375,off,0.25050977426262483,100,50.31357192993164,0.0,
full_no_replay_damped_optimal,2,38,0.9927015900611877,0.044519275426864624,-0.007298409938812256,off,0.25050977426262483,100,43.580623626708984,0.0,
full_no_replay_damped_optimal,2,39,0.9907142519950867,0.04560238495469093,-0.00928574800491333,off,0.25050977426262483,100,43.056941986083984,0.0,
full_no_replay_damped_optimal,2,40,0.9921446442604065,0.046466294676065445,-0.007855355739593506,off,0.25050977426262483,100,46.76380920410156,0.0,
full_no_replay_damped_optimal,2,41,1.0048704147338867,0.04448267072439194,0.004870414733886719,off,0.25050977426262483,100,47.21870040893555,0.0,
full_no_replay_damped_optimal,2,42,1.020379662513733,0.04491515830159187,0.02037966251373291,off,0.25050977426262483,100,49.666473388671875,0.0,
full_no_replay_damped_optimal,2,43,0.9855283498764038,0.0452575758099556,-0.014471650123596191,off,0.25050977426262483,100,45.547210693359375,0.0,
full_no_replay_damped_optimal,2,44,1.0013073682785034,0.042921390384435654,0.001307368278503418,off,0.25050977426262483,100,51.65903091430664,0.0,
full_no_replay_damped_optimal,2,45,0.9869837760925293,0.043751828372478485,-0.013016223907470703,off,0.25050977426262483,100,51.88787078857422,0.0,
full_no_replay_damped_optimal,2,46,0.9932058453559875,0.04251791164278984,-0.006794154644012451,off,0.25050977426262483,100,49.511131286621094,0.0,
full_no_replay_damped_optimal,2,47,1.0017834901809692,0.042056336998939514,0.0017834901809692383,off,0.25050977426262483,100,43.37672805786133,0.0,
full_no_replay_damped_optimal,2,48,0.9979527592658997,0.042001042515039444,-0.002047240734100342,off,0.25050977426262483,100,47.40000915527344,0.0,
full_no_replay_damped_optimal,2,49,0.9672061800956726,0.04422454908490181,-0.03279381990432739,off,0.25050977426262483,100,43.67107391357422,0.0,
full_no_replay_damped_optimal,2,50,0.9959856271743774,0.04280299320816994,-0.004014372825622559,off,0.25050977426262483,100,45.66453552246094,0.0,
full_no_replay_damped_optimal,2,51,0.9798804521560669,0.04477567598223686,-0.020119547843933105,off,0.25050977426262483,100,47.8699951171875,0.0,
full_no_replay_damped_optimal,2,52,1.0183254480361938,0.04205375164747238,0.018325448036193848,off,0.25050977426262483,100,47.05268478393555,0.0,
full_no_replay_damped_optimal,2,53,0.9992903470993042,0.04288030415773392,-0.0007096529006958008,off,0.25050977426262483,100,49.76041030883789,0.0,
full_no_replay_damped_optimal,2,54,1.0026696920394897,0.041755810379981995,0.002669692039489746,off,0.25050977426262483,100,51.19797897338867,0.0,
full_no_replay_damped_optimal,2,55,1.0089480876922607,0.041522540152072906,0.008948087692260742,off,0.25050977426262483,100,47.32551956176758,0.0,
full_no_replay_damped_optimal,2,56,0.9965843558311462,0.04354383423924446,-0.0034156441688537598,off,0.25050977426262483,100,50.82433319091797,0.0,
full_no_replay_damped_optimal,2,57,0.9881433844566345,0.04343795031309128,-0.011856615543365479,off,0.25050977426262483,100,43.81867599487305,0.0,
full_no_replay_damped_optimal,2,58,1.0063976049423218,0.04237441346049309,0.006397604942321777,off,0.25050977426262483,100,42.5528450012207,0.0,
full_no_replay_damped_optimal,2,59,0.991338849067688,0.04131549596786499,-0.008661150932312012,off,0.25050977426262483,100,48.662322998046875,0.0,
full_no_replay_damped_optimal,2,60,0.9885674118995667,0.04070313274860382,-0.01143258810043335,off,0.25050977426262483,100,51.47901916503906,0.0,
full_no_replay_damped_optimal,2,61,0.9923767447471619,0.04055749624967575,-0.007623255252838135,off,0.25050977426262483,100,41.18836212158203,0.0,
full_no_replay_damped_optimal,2,62,0.9984736442565918,0.04060253128409386,-0.0015263557434082031,off,0.25050977426262483,100,50.057167053222656,0.0,
full_no_replay_damped_optimal,2,63,0.9860451221466064,0.03793802484869957,-0.013954877853393555,off,0.25050977426262483,100,46.04914093017578,0.0,
full_no_replay_damped_optimal,2,64,1.009489893913269,0.03819199651479721,0.009489893913269043,off,0.25050977426262483,100,42.861976623535156,0.0,
full_no_replay_damped_optimal,2,65,0.9868099689483643,0.039134811609983444,-0.013190031051635742,off,0.25050977426262483,100,42.88718795776367,0.0,
full_no_replay_damped_optimal,2,66,1.0052841901779175,0.03940917178988457,0.0052841901779174805,off,0.25050977426262483,100,46.9969367980957,0.0,
full_no_replay_damped_optimal,2,67,0.9983745217323303,0.038837965577840805,-0.0016254782676696777,off,0.25050977426262483,100,45.42811965942383,0.0,
full_no_replay_damped_optimal,2,68,1.0145561695098877,0.03925987705588341,0.014556169509887695,off,0.25050977426262483,100,47.02212142944336,0.0,
full_no_replay_damped_optimal,2,69,0.9985801577568054,0.03896373137831688,-0.00141984224319458,off,0.25050977426262483,100,42.021488189697266,0.0,
full_no_replay_damped_optimal,2,70,0.9931575059890747,0.0385281965136528,-0.006842494010925293,off,0.25050977426262483,100,46.75234603881836,0.0,
full_no_replay_damped_optimal,2,71,0.992684006690979,0.03883017972111702,-0.007315993309020996,off,0.25050977426262483,100,44.87002944946289,0.0,
full_no_replay_damped_optimal,2,72,0.9872410297393799,0.04063780978322029,-0.012758970260620117,off,0.25050977426262483,100,42.359832763671875,0.0,
full_no_replay_damped_optimal,2,73,0.9747865200042725,0.04231303930282593,-0.02521347999572754,off,0.25050977426262483,100,42.570159912109375,0.0,
full_no_replay_damped_optimal,2,74,0.983121395111084,0.03960912302136421,-0.016878604888916016,off,0.25050977426262483,100,47.050716400146484,0.0,
full_no_replay_damped_optimal,2,75,0.9957209229469299,0.04027842357754707,-0.004279077053070068,off,0.25050977426262483,100,46.413909912109375,0.0,
full_no_replay_damped_optimal,2,76,1.0099436044692993,0.0408577062189579,0.009943604469299316,off,0.25050977426262483,100,38.57146453857422,0.0,
full_no_replay_damped_optimal,2,77,0.9787179827690125,0.04405089467763901,-0.02128201723098755,off,0.25050977426262483,100,38.48288345336914,0.0,
full_no_replay_damped_optimal,2,78,0.9852115511894226,0.043173082172870636,-0.014788448810577393,off,0.25050977426262483,100,48.06029510498047,0.0,
full_no_replay_damped_optimal,2,79,0.9957628846168518,0.03984617441892624,-0.004237115383148193,off,0.25050977426262483,100,50.997459411621094,0.0,
full_no_replay_damped_optimal,2,80,0.9966923594474792,0.04036033898591995,-0.003307640552520752,off,0.25050977426262483,100,38.06389236450195,0.0,
full_no_replay_damped_optimal,2,81,0.9889513850212097,0.04219933599233627,-0.011048614978790283,off,0.25050977426262483,100,42.84032440185547,0.0,
full_no_replay_damped_optimal,2,82,0.9827137589454651,0.04015633463859558,-0.017286241054534912,off,0.25050977426262483,100,49.681278228759766,0.0,
full_no_replay_damped_optimal,2,83,1.0105773210525513,0.038702525198459625,0.01057732105255127,off,0.25050977426262483,100,50.1043586730957,0.0,
full_no_replay_damped_optimal,2,84,0.9689802527427673,0.0386662520468235,-0.031019747257232666,off,0.25050977426262483,100,46.86277389526367,0.0,
full_no_replay_damped_optimal,2,85,0.9897240400314331,0.04119662567973137,-0.010275959968566895,off,0.25050977426262483,100,40.95332336425781,0.0,
full_no_replay_damped_optimal,2,86,0.9957712888717651,0.03825554624199867,-0.004228711128234863,off,0.25050977426262483,100,44.82935333251953,0.0,
full_no_replay_damped_optimal,2,87,0.9771533012390137,0.040193211287260056,-0.022846698760986328,off,0.25050977426262483,100,38.128265380859375,0.0,
full_no_replay_damped_optimal,2,88,0.9967140555381775,0.0393872931599617,-0.0032859444618225098,off,0.25050977426262483,100,44.421775817871094,0.0,
full_no_replay_damped_optimal,2,89,1.0055739879608154,0.040234290063381195,0.00557398796081543,off,0.25050977426262483,100,46.07073974609375,0.0,
full_no_replay_damped_optimal,2,90,0.9848282933235168,0.03921843692660332,-0.015171706676483154,off,0.25050977426262483,100,46.31026077270508,0.0,
full_no_replay_damped_optimal,2,91,1.004274845123291,0.03825424984097481,0.004274845123291016,off,0.25050977426262483,100,43.977020263671875,0.0,
full_no_replay_damped_optimal,2,92,0.983298659324646,0.038832105696201324,-0.016701340675354004,off,0.25050977426262483,100,40.70916748046875,0.0,
full_no_replay_damped_optimal,2,93,1.0005160570144653,0.036922991275787354,0.000516057014465332,off,0.25050977426262483,100,43.47958755493164,0.0,
full_no_replay_damped_optimal,2,94,0.9859198927879333,0.039424747228622437,-0.01408010721206665,off,0.25050977426262483,100,43.985530853271484,0.0,
full_no_replay_damped_optimal,2,95,0.9880683422088623,0.03872917965054512,-0.011931657791137695,off,0.25050977426262483,100,43.30600357055664,0.0,
full_no_replay_damped_optimal,2,96,1.002946138381958,0.03781966492533684,0.002946138381958008,off,0.25050977426262483,100,42.878456115722656,0.0,
full_no_replay_damped_optimal,2,97,1.0084221363067627,0.03861834108829498,0.008422136306762695,off,0.25050977426262483,100,39.67799377441406,0.0,
full_no_replay_damped_optimal,2,98,0.9710718989372253,0.038762450218200684,-0.028928101062774658,off,0.25050977426262483,100,44.58263397216797,0.0,
full_no_replay_damped_optimal,2,99,0.9881236553192139,0.038439489901065826,-0.011876344680786133,off,0.25050977426262483,100,45.698368072509766,0.0,
full_no_replay_damped_optimal,2,100,1.0035698413848877,0.038653869181871414,0.0035698413848876953,off,0.25050977426262483,100,39.01249313354492,0.0,
full_replay_damped_optimal,0,0,1.05,0.02,0.050000000000000044,on,0.25050977426262483,0,nan,nan,
full_replay_damped_optimal,0,1,0.6893976330757141,0.07416501641273499,-0.3106023669242859,on,0.25050977426262483,5000,22.848234176635742,0.0,
full_replay_damped_optimal,0,2,0.9819718599319458,0.04931240156292915,-0.0180281400680542,on,0.25050977426262483,100,94.04685974121094,0.0,
full_replay_damped_optimal,0,3,1.1550495624542236,0.041918810456991196,0.15504956245422363,on,0.25050977426262483,100,94.82240295410156,0.0,
full_replay_damped_optimal,0,4,1.0484687089920044,0.041031111031770706,0.048468708992004395,on,0.25050977426262483,100,59.73678207397461,0.0,
full_replay_damped_optimal,0,5,0.9399072527885437,0.039465464651584625,-0.0600927472114563,on,0.25050977426262483,100,50.03615951538086,0.0,
full_replay_damped_optimal,0,6,0.9583890438079834,0.03931688144803047,-0.0416109561920166,on,0.25050977426262483,100,47.815799713134766,0.0,
full_replay_damped_optimal,0,7,1.0407270193099976,0.03919614106416702,0.04072701930999756,on,0.25050977426262483,100,45.771610260009766,0.0,
full_replay_damped_optimal,0,8,1.0434147119522095,0.039231687784194946,0.04341471195220947,on,0.25050977426262483,100,45.390174865722656,0.0,
full_replay_damped_optimal,0,9,0.9929967522621155,0.040639832615852356,-0.0070032477378845215,on,0.25050977426262483,100,43.46360778808594,0.0,
full_replay_damped_optimal,0,10,0.9567952156066895,0.042248889803886414,-0.04320478439331055,on,0.25050977426262483,100,44.225341796875,0.0,
full_replay_damped_optimal,0,11,0.981296181678772,0.04156428202986717,-0.018703818321228027,on,0.25050977426262483,100,45.94194412231445,0.0,
full_replay_damped_optimal,0,12,1.017016053199768,0.041200947016477585,0.017016053199768066,on,0.25050977426262483,100,48.16913604736328,0.0,
full_replay_damped_optimal,0,13,1.010135293006897,0.04080646112561226,0.010135293006896973,on,0.25050977426262483,100,46.032161712646484,0.0,
full_replay_damped_optimal,0,14,1.004065752029419,0.042394641786813736,0.004065752029418945,on,0.25050977426262483,100,39.8132209777832,0.0,
full_replay_damped_optimal,0,15,1.0015147924423218,0.043691277503967285,0.0015147924423217773,on,0.25050977426262483,100,44.68572998046875,0.0,
full_replay_damped_optimal,0,16,0.9932940602302551,0.04256327077746391,-0.006705939769744873,on,0.25050977426262483,100,47.622615814208984,0.0,
full_replay_damped_optimal,0,17,0.9914349317550659,0.042836930602788925,-0.008565068244934082,on,0.25050977426262483,100,46.92676544189453,0.0,
full_replay_damped_optimal,0,18,0.9955819249153137,0.044046640396118164,-0.004418075084686279,on,0.25050977426262483,100,45.13674545288086,0.0,
full_replay_damped_optimal,0,19,0.9783318638801575,0.04306427761912346,-0.02166813611984253,on,0.25050977426262483,100,46.98992156982422,0.0,
full_replay_damped_optimal,0,20,0.992493748664856,0.042414501309394836,-0.007506251335144043,on,0.25050977426262483,100,46.1667366027832,0.0,
full_replay_damped_optimal,0,21,0.9987566471099854,0.041759222745895386,-0.0012433528900146484,on,0.25050977426262483,100,45.65789794921875,0.0,
full_replay_damped_optimal,0,22,1.0003353357315063,0.04193224757909775,0.00033533573150634766,on,0.25050977426262483,100,46.63111114501953,0.0,
full_replay_damped_optimal,0,23,1.008885383605957,0.04202884063124657,0.008885383605957031,on,0.25050977426262483,100,46.748016357421875,0.0,
full_replay_damped_optimal,0,24,1.012937068939209,0.042329341173172,0.012937068939208984,on,0.25050977426262483,100,44.20524215698242,0.0,
full_replay_damped_optimal,0,25,0.9926550984382629,0.042588941752910614,-0.0073449015617370605,on,0.25050977426262483,100,45.74007034301758,0.0,
full_replay_damped_optimal,0,26,0.9821619391441345,0.04168868809938431,-0.01783806085586548,on,0.25050977426262483,100,49.12229537963867,0.0,
full_replay_damped_optimal,0,27,0.9979111552238464,0.041370734572410583,-0.0020888447761535645,on,0.25050977426262483,100,48.31553268432617,0.0,
full_replay_damped_optimal,0,28,1.0163817405700684,0.04144210368394852,0.01638174057006836,on,0.25050977426262483,100,46.18013381958008,0.0,
full_replay_damped_optimal,0,29,0.9945321083068848,0.042115241289138794,-0.005467891693115234,on,0.25050977426262483,100,47.155818939208984,0.0,
full_replay_damped_optimal,0,30,0.9829156398773193,0.040709640830755234,-0.017084360122680664,on,0.25050977426262483,100,49.22267532348633,0.0,
full_replay_damped_optimal,0,31,1.0046542882919312,0.042019475251436234,0.004654288291931152,on,0.25050977426262483,100,44.5602912902832,0.0,
full_replay_damped_optimal,0,32,0.9983020424842834,0.04075570032000542,-0.0016979575157165527,on,0.25050977426262483,100,46.30378723144531,0.0,
full_replay_damped_optimal,0,33,1.0141124725341797,0.0408097542822361,0.014112472534179688,on,0.25050977426262483,100,47.473480224609375,0.0,
full_replay_damped_optimal,0,34,1.0103479623794556,0.04115159437060356,0.010347962379455566,on,0.25050977426262483,100,45.14479446411133,0.0,
full_replay_damped_optimal,0,35,0.9868574142456055,0.04240576922893524,-0.013142585754394531,on,0.25050977426262483,100,39.88452911376953,0.0,
full_replay_damped_optimal,0,36,0.9736195206642151,0.041989877820014954,-0.026380479335784912,on,0.25050977426262483,100,43.27073669433594,0.0,
full_replay_damped_optimal,0,37,1.0048233270645142,0.04192255809903145,0.00482332706451416,on,0.25050977426262483,100,46.34401321411133,0.0,
full_replay_damped_optimal,0,38,1.0103963613510132,0.04169433191418648,0.010396361351013184,on,0.25050977426262483,100,46.21217727661133,0.0,
full_replay_damped_optimal,0,39,1.0092527866363525,0.04052009433507919,0.009252786636352539,on,0.25050977426262483,100,45.67156219482422,0.0,
full_replay_damped_optimal,0,40,1.0056804418563843,0.04075409099459648,0.005680441856384277,on,0.25050977426262483,100,46.22994613647461,0.0,
full_replay_damped_optimal,0,41,0.9788732528686523,0.04166291654109955,-0.021126747131347656,on,0.25050977426262483,100,41.879600524902344,0.0,
full_replay_damped_optimal,0,42,0.9751992225646973,0.04329179599881172,-0.024800777435302734,on,0.25050977426262483,100,39.83343505859375,0.0,
full_replay_damped_optimal,0,43,0.998345136642456,0.04146061837673187,-0.0016548633575439453,on,0.25050977426262483,100,47.32537078857422,0.0,
full_replay_damped_optimal,0,44,1.0177663564682007,0.0417429581284523,0.017766356468200684,on,0.25050977426262483,100,47.18302536010742,0.0,
full_replay_damped_optimal,0,45,0.992641806602478,0.040568381547927856,-0.007358193397521973,on,0.25050977426262483,100,42.49230194091797,0.0,
full_replay_damped_optimal,0,46,0.9926791191101074,0.041399598121643066,-0.007320880889892578,on,0.25050977426262483,100,45.73851013183594,0.0,
full_replay_damped_optimal,0,47,1.0090253353118896,0.04133602976799011,0.009025335311889648,on,0.25050977426262483,100,47.08157730102539,0.0,
full_replay_damped_optimal,0,48,0.9994000196456909,0.04025181755423546,-0.000599980354309082,on,0.25050977426262483,100,44.58588409423828,0.0,
full_replay_damped_optimal,0,49,0.9934616088867188,0.038130372762680054,-0.00653839111328125,on,0.25050977426262483,100,45.02578353881836,0.0,
full_replay_damped_optimal,0,50,1.0026317834854126,0.03964628651738167,0.0026317834854125977,on,0.25050977426262483,100,45.97491455078125,0.0,
full_replay_damped_optimal,0,51,0.9998677968978882,0.03813629224896431,-0.0001322031021118164,on,0.25050977426262483,100,45.86663055419922,0.0,
full_replay_damped_optimal,0,52,0.9828694462776184,0.039553891867399216,-0.017130553722381592,on,0.25050977426262483,100,45.110107421875,0.0,
full_replay_damped_optimal,0,53,0.9941652417182922,0.041375625878572464,-0.005834758281707764,on,0.25050977426262483,100,41.63209915161133,0.0,
full_replay_damped_optimal,0,54,0.9972848892211914,0.040340766310691833,-0.0027151107788085938,on,0.25050977426262483,100,44.46002197265625,0.0,
full_replay_damped_optimal,0,55,1.003487467765808,0.04057899862527847,0.0034874677658081055,on,0.25050977426262483,100,45.17426681518555,0.0,
full_replay_damped_optimal,0,56,0.9916324019432068,0.04042381793260574,-0.008367598056793213,on,0.25050977426262483,100,43.527793884277344,0.0,
full_replay_damped_optimal,0,57,1.00238037109375,0.04198498651385307,0.00238037109375,on,0.25050977426262483,100,43.77791976928711,0.0,
full_replay_damped_optimal,0,58,1.0134787559509277,0.04015221819281578,0.013478755950927734,on,0.25050977426262483,100,42.29690933227539,0.0,
full_replay_damped_optimal,0,59,1.011400580406189,0.041254036128520966,0.011400580406188965,on,0.25050977426262483,100,42.54954147338867,0.0,
full_replay_damped_optimal,0,60,0.9747347831726074,0.04018283635377884,-0.025265216827392578,on,0.25050977426262483,100,44.46540832519531,0.0,
full_replay_damped_optimal,0,61,0.9643782377243042,0.03976207599043846,-0.0356217622756958,on,0.25050977426262483,100,46.97163391113281,0.0,
full_replay_damped_optimal,0,62,1.0016725063323975,0.039313025772571564,0.001672506332397461,on,0.25050977426262483,100,48.88747787475586,0.0,
full_replay_damped_optimal,0,63,1.0165194272994995,0.03913605958223343,0.01651942729949951,on,0.25050977426262483,100,45.38426208496094,0.0,
full_replay_damped_optimal,0,64,0.9867099523544312,0.040145594626665115,-0.013290047645568848,on,0.25050977426262483,100,44.6988410949707,0.0,
full_replay_damped_optimal,0,65,0.9889839887619019,0.04014644771814346,-0.011016011238098145,on,0.25050977426262483,100,44.0294189453125,0.0,
full_replay_damped_optimal,0,66,1.0100605487823486,0.03926970064640045,0.010060548782348633,on,0.25050977426262483,100,42.34629440307617,0.0,
full_replay_damped_optimal,0,67,1.0319830179214478,0.03886953741312027,0.031983017921447754,on,0.25050977426262483,100,44.474647521972656,0.0,
full_replay_damped_optimal,0,68,1.00634765625,0.03941353037953377,0.00634765625,on,0.25050977426262483,100,43.65884780883789,0.0,
full_replay_damped_optimal,0,69,0.9838154315948486,0.040123727172613144,-0.016184568405151367,on,0.25050977426262483,100,44.40536117553711,0.0,
full_replay_damped_optimal,0,70,0.9903147220611572,0.04045410826802254,-0.009685277938842773,on,0.25050977426262483,100,44.6715087890625,0.0,
full_replay_damped_optimal,0,71,0.9938552975654602,0.03905341029167175,-0.006144702434539795,on,0.25050977426262483,100,44.74690246582031,0.0,
full_replay_damped_optimal,0,72,0.9889257550239563,0.03829189017415047,-0.011074244976043701,on,0.25050977426262483,100,43.50078201293945,0.0,
full_replay_damped_optimal,0,73,0.9767904281616211,0.037429969757795334,-0.023209571838378906,on,0.25050977426262483,100,46.48754119873047,0.0,
full_replay_damped_optimal,0,74,1.0035122632980347,0.03741759806871414,0.003512263298034668,on,0.25050977426262483,100,42.97671890258789,0.0,
full_replay_damped_optimal,0,75,1.0057694911956787,0.036434948444366455,0.005769491195678711,on,0.25050977426262483,100,39.02116394042969,0.0,
full_replay_damped_optimal,0,76,0.9935293793678284,0.036853209137916565,-0.006470620632171631,on,0.25050977426262483,100,40.99079513549805,0.0,
full_replay_damped_optimal,0,77,0.9934358596801758,0.03684128820896149,-0.006564140319824219,on,0.25050977426262483,100,43.014984130859375,0.0,
full_replay_damped_optimal,0,78,1.0041660070419312,0.03707993030548096,0.004166007041931152,on,0.25050977426262483,100,41.71371078491211,0.0,
full_replay_damped_optimal,0,79,1.0038607120513916,0.038032062351703644,0.0038607120513916016,on,0.25050977426262483,100,41.10693359375,0.0,
full_replay_damped_optimal,0,80,0.9949261546134949,0.03883843868970871,-0.005073845386505127,on,0.25050977426262483,100,36.58198547363281,0.0,
full_replay_damped_optimal,0,81,1.0027689933776855,0.03719932213425636,0.002768993377685547,on,0.25050977426262483,100,42.0341682434082,0.0,
full_replay_damped_optimal,0,82,0.9877703189849854,0.036679115146398544,-0.012229681015014648,on,0.25050977426262483,100,43.00979232788086,0.0,
full_replay_damped_optimal,0,83,0.9911820292472839,0.035066306591033936,-0.008817970752716064,on,0.25050977426262483,100,41.35017395019531,0.0,
full_replay_damped_optimal,0,84,1.0049993991851807,0.03730811923742294,0.004999399185180664,on,0.25050977426262483,100,37.624229431152344,0.0,
full_replay_damped_optimal,0,85,1.0101382732391357,0.03833325207233429,0.010138273239135742,on,0.25050977426262483,100,39.87150955200195,0.0,
full_replay_damped_optimal,0,86,0.9864466786384583,0.03617851436138153,-0.013553321361541748,on,0.25050977426262483,100,44.58952713012695,0.0,
full_replay_damped_optimal,0,87,0.9730031490325928,0.0368475466966629,-0.026996850967407227,on,0.25050977426262483,100,42.85773468017578,0.0,
full_replay_damped_optimal,0,88,0.9802277088165283,0.03645487129688263,-0.01977229118347168,on,0.25050977426262483,100,41.70366287231445,0.0,
full_replay_damped_optimal,0,89,0.9894616007804871,0.03657519817352295,-0.01053839921951294,on,0.25050977426262483,100,42.30816650390625,0.0,
full_replay_damped_optimal,0,90,0.9921790957450867,0.03742285072803497,-0.00782090425491333,on,0.25050977426262483,100,39.67740249633789,0.0,
full_replay_damped_optimal,0,91,0.9980707168579102,0.03596855327486992,-0.0019292831420898438,on,0.25050977426262483,100,42.63837814331055,0.0,
full_replay_damped_optimal,0,92,0.9934017658233643,0.03544045239686966,-0.006598234176635742,on,0.25050977426262483,100,41.49465560913086,0.0,
full_replay_damped_optimal,0,93,0.97772616147995,0.03603971377015114,-0.02227383852005005,on,0.25050977426262483,100,39.759666442871094,0.0,
full_replay_damped_optimal,0,94,0.969531238079071,0.035054098814725876,-0.030468761920928955,on,0.25050977426262483,100,43.74367904663086,0.0,
full_replay_damped_optimal,0,95,0.9805210828781128,0.03528647497296333,-0.019478917121887207,on,0.25050977426262483,100,41.759315490722656,0.0,
full_replay_damped_optimal,0,96,0.9967554807662964,0.03530736267566681,-0.0032445192337036133,on,0.25050977426262483,100,40.3470458984375,0.0,
full_replay_damped_optimal,0,97,1.001396894454956,0.03449583798646927,0.0013968944549560547,on,0.25050977426262483,100,43.038612365722656,0.0,
full_replay_damped_optimal,0,98,0.9982568621635437,0.03617047891020775,-0.0017431378364562988,on,0.25050977426262483,100,40.18228530883789,0.0,
full_replay_damped_optimal,0,99,0.9840533137321472,0.03666866943240166,-0.015946686267852783,on,0.25050977426262483,100,37.055198669433594,0.0,
full_replay_damped_optimal,0,100,1.009191870689392,0.03597347438335419,0.00919187068939209,on,0.25050977426262483,100,36.804954528808594,0.0,
full_replay_damped_optimal,1,0,1.05,0.02,0.050000000000000044,on,0.25050977426262483,0,nan,nan,
full_replay_damped_optimal,1,1,0.4813023507595062,0.12982319295406342,-0.5186976492404938,on,0.25050977426262483,5000,21.77318572998047,0.0,
full_replay_damped_optimal,1,2,1.0028984546661377,0.052450358867645264,0.0028984546661376953,on,0.25050977426262483,100,217.9158935546875,0.0,
full_replay_damped_optimal,1,3,1.2324771881103516,0.04042576253414154,0.23247718811035156,on,0.25050977426262483,100,197.4869842529297,0.0,
full_replay_damped_optimal,1,4,1.0419254302978516,0.038515690714120865,0.04192543029785156,on,0.25050977426262483,100,75.19051361083984,0.0,
full_replay_damped_optimal,1,5,0.8730335831642151,0.040453068912029266,-0.1269664168357849,on,0.25050977426262483,100,63.0886116027832,0.0,
full_replay_damped_optimal,1,6,0.969536304473877,0.03758469969034195,-0.030463695526123047,on,0.25050977426262483,100,56.350013732910156,0.0,
full_replay_damped_optimal,1,7,1.080578088760376,0.035888224840164185,0.08057808876037598,on,0.25050977426262483,100,52.65316390991211,0.0,
full_replay_damped_optimal,1,8,1.0359480381011963,0.03763887658715248,0.03594803810119629,on,0.25050977426262483,100,43.35239791870117,0.0,
full_replay_damped_optimal,1,9,0.9825417995452881,0.03794108331203461,-0.017458200454711914,on,0.25050977426262483,100,40.55695724487305,0.0,
full_replay_damped_optimal,1,10,0.9912986159324646,0.03836672008037567,-0.0087013840675354,on,0.25050977426262483,100,44.76192092895508,0.0,
full_replay_damped_optimal,1,11,1.0199365615844727,0.03964318335056305,0.019936561584472656,on,0.25050977426262483,100,43.79507827758789,0.0,
full_replay_damped_optimal,1,12,0.9986470937728882,0.04085167869925499,-0.0013529062271118164,on,0.25050977426262483,100,44.67916488647461,0.0,
full_replay_damped_optimal,1,13,0.9951425790786743,0.04147921875119209,-0.004857420921325684,on,0.25050977426262483,100,43.0245361328125,0.0,
full_replay_damped_optimal,1,14,0.9948965907096863,0.04248150810599327,-0.005103409290313721,on,0.25050977426262483,100,44.72976303100586,0.0,
full_replay_damped_optimal,1,15,1.009853720664978,0.04214576631784439,0.009853720664978027,on,0.25050977426262483,100,45.56364059448242,0.0,
full_replay_damped_optimal,1,16,1.0216336250305176,0.04220494255423546,0.021633625030517578,on,0.25050977426262483,100,43.82906723022461,0.0,
full_replay_damped_optimal,1,17,1.0159106254577637,0.04228463023900986,0.015910625457763672,on,0.25050977426262483,100,47.12491226196289,0.0,
full_replay_damped_optimal,1,18,1.0123695135116577,0.04280403256416321,0.012369513511657715,on,0.25050977426262483,100,47.164852142333984,0.0,
full_replay_damped_optimal,1,19,1.006955623626709,0.04257376864552498,0.006955623626708984,on,0.25050977426262483,100,48.52932357788086,0.0,
full_replay_damped_optimal,1,20,0.9855070114135742,0.04339800775051117,-0.014492988586425781,on,0.25050977426262483,100,47.11095428466797,0.0,
full_replay_damped_optimal,1,21,0.9813933372497559,0.04253241792321205,-0.01860666275024414,on,0.25050977426262483,100,47.695316314697266,0.0,
full_replay_damped_optimal,1,22,1.0071266889572144,0.042138587683439255,0.0071266889572143555,on,0.25050977426262483,100,48.753334045410156,0.0,
full_replay_damped_optimal,1,23,1.0000249147415161,0.041539423167705536,2.491474151611328e-05,on,0.25050977426262483,100,48.99030303955078,0.0,
full_replay_damped_optimal,1,24,1.0130717754364014,0.043350353837013245,0.013071775436401367,on,0.25050977426262483,100,49.24936294555664,0.0,
full_replay_damped_optimal,1,25,1.013839602470398,0.042373176664114,0.01383960247039795,on,0.25050977426262483,100,44.82374954223633,0.0,
full_replay_damped_optimal,1,26,0.9918071031570435,0.04274241626262665,-0.008192896842956543,on,0.25050977426262483,100,50.84193420410156,0.0,
full_replay_damped_optimal,1,27,0.9892410039901733,0.04327137768268585,-0.01075899600982666,on,0.25050977426262483,100,50.68836975097656,0.0,
full_replay_damped_optimal,1,28,1.013197660446167,0.04099562391638756,0.013197660446166992,on,0.25050977426262483,100,48.08754348754883,0.0,
full_replay_damped_optimal,1,29,1.033094882965088,0.03997878357768059,0.03309488296508789,on,0.25050977426262483,100,48.767425537109375,0.0,
full_replay_damped_optimal,1,30,1.0095664262771606,0.042366284877061844,0.009566426277160645,on,0.25050977426262483,100,45.95075988769531,0.0,
full_replay_damped_optimal,1,31,0.9816394448280334,0.04221998155117035,-0.018360555171966553,on,0.25050977426262483,100,44.42799758911133,0.0,
full_replay_damped_optimal,1,32,0.9916372299194336,0.04303319752216339,-0.008362770080566406,on,0.25050977426262483,100,46.27672576904297,0.0,
full_replay_damped_optimal,1,33,1.0171961784362793,0.042809389531612396,0.017196178436279297,on,0.25050977426262483,100,47.81781005859375,0.0,
full_replay_damped_optimal,1,34,1.0127077102661133,0.040587712079286575,0.012707710266113281,on,0.25050977426262483,100,47.52027130126953,0.0,
full_replay_damped_optimal,1,35,0.9889078140258789,0.042413100600242615,-0.011092185974121094,on,0.25050977426262483,100,48.99712371826172,0.0,
full_replay_damped_optimal,1,36,0.9916718006134033,0.04036713019013405,-0.00832819938659668,on,0.25050977426262483,100,49.10224533081055,0.0,
full_replay_damped_optimal,1,37,0.9826217889785767,0.041483696550130844,-0.01737821102142334,on,0.25050977426262483,100,45.892391204833984,0.0,
full_replay_damped_optimal,1,38,1.0035725831985474,0.04023642838001251,0.0035725831985473633,on,0.25050977426262483,100,46.020790100097656,0.0,
full_replay_damped_optimal,1,39,0.998508095741272,0.04273439198732376,-0.0014919042587280273,on,0.25050977426262483,100,47.26072692871094,0.0,
full_replay_damped_optimal,1,40,1.0131847858428955,0.04124187305569649,0.013184785842895508,on,0.25050977426262483,100,42.98234176635742,0.0,
full_replay_damped_optimal,1,41,1.0022774934768677,0.04265361651778221,0.0022774934768676758,on,0.25050977426262483,100,44.15571594238281,0.0,
full_replay_damped_optimal,1,42,0.9860514402389526,0.04161669313907623,-0.013948559761047363,on,0.25050977426262483,100,48.441341400146484,0.0,
full_replay_damped_optimal,1,43,0.9883381128311157,0.04133996367454529,-0.011661887168884277,on,0.25050977426262483,100,44.97939682006836,0.0,
full_replay_damped_optimal,1,44,0.9957571029663086,0.04126425087451935,-0.004242897033691406,on,0.25050977426262483,100,42.73850631713867,0.0,
full_replay_damped_optimal,1,45,0.98614901304245,0.042222265154123306,-0.013850986957550049,on,0.25050977426262483,100,43.6119270324707,0.0,
full_replay_damped_optimal,1,46,0.9961154460906982,0.041766926646232605,-0.003884553909301758,on,0.25050977426262483,100,47.97541809082031,0.0,
full_replay_damped_optimal,1,47,1.0049294233322144,0.042807597666978836,0.0049294233322143555,on,0.25050977426262483,100,49.741615295410156,0.0,
full_replay_damped_optimal,1,48,0.987559974193573,0.04227398708462715,-0.012440025806427002,on,0.25050977426262483,100,49.2596435546875,0.0,
full_replay_damped_optimal,1,49,0.9722853302955627,0.04418577998876572,-0.027714669704437256,on,0.25050977426262483,100,47.17005920410156,0.0,
full_replay_damped_optimal,1,50,0.9905697107315063,0.0429004468023777,-0.009430289268493652,on,0.25050977426262483,100,48.10357666015625,0.0,
full_replay_damped_optimal,1,51,1.001631498336792,0.041505370289087296,0.0016314983367919922,on,0.25050977426262483,100,46.85580825805664,0.0,
full_replay_damped_optimal,1,52,0.9965280294418335,0.04196559265255928,-0.003471970558166504,on,0.25050977426262483,100,47.94755935668945,0.0,
full_replay_damped_optimal,1,53,0.9956285953521729,0.04062950611114502,-0.0043714046478271484,on,0.25050977426262483,100,47.30054473876953,0.0,
full_replay_damped_optimal,1,54,1.0007189512252808,0.04118039086461067,0.0007189512252807617,on,0.25050977426262483,100,46.11608123779297,0.0,
full_replay_damped_optimal,1,55,1.0032058954238892,0.04071782901883125,0.00320589542388916,on,0.25050977426262483,100,47.4623908996582,0.0,
full_replay_damped_optimal,1,56,1.0002870559692383,0.041701920330524445,0.00028705596923828125,on,0.25050977426262483,100,45.20418930053711,0.0,
full_replay_damped_optimal,1,57,1.0123491287231445,0.04186477139592171,0.012349128723144531,on,0.25050977426262483,100,45.111083984375,0.0,
full_replay_damped_optimal,1,58,1.0012710094451904,0.03981942683458328,0.0012710094451904297,on,0.25050977426262483,100,46.90306854248047,0.0,
full_replay_damped_optimal,1,59,0.9982607364654541,0.041564274579286575,-0.0017392635345458984,on,0.25050977426262483,100,44.5751838684082,0.0,
full_replay_damped_optimal,1,60,1.002845287322998,0.04153541475534439,0.002845287322998047,on,0.25050977426262483,100,45.017459869384766,0.0,
full_replay_damped_optimal,1,61,1.0104831457138062,0.04146980866789818,0.010483145713806152,on,0.25050977426262483,100,44.56117630004883,0.0,
full_replay_damped_optimal,1,62,1.0008879899978638,0.04176827147603035,0.0008879899978637695,on,0.25050977426262483,100,42.57999801635742,0.0,
full_replay_damped_optimal,1,63,0.9984415769577026,0.04222838953137398,-0.0015584230422973633,on,0.25050977426262483,100,47.47568893432617,0.0,
full_replay_damped_optimal,1,64,1.0099684000015259,0.03997837007045746,0.009968400001525879,on,0.25050977426262483,100,47.38584899902344,0.0,
full_replay_damped_optimal,1,65,0.9867175817489624,0.041944317519664764,-0.013282418251037598,on,0.25050977426262483,100,42.88942337036133,0.0,
full_replay_damped_optimal,1,66,1.0080180168151855,0.04138844832777977,0.008018016815185547,on,0.25050977426262483,100,42.92058181762695,0.0,
full_replay_damped_optimal,1,67,1.020179271697998,0.04047765955328941,0.020179271697998047,on,0.25050977426262483,100,45.83778381347656,0.0,
full_replay_damped_optimal,1,68,0.9761316180229187,0.04208732768893242,-0.0238683819770813,on,0.25050977426262483,100,45.03705978393555,0.0,
full_replay_damped_optimal,1,69,0.9942963719367981,0.04087221622467041,-0.005703628063201904,on,0.25050977426262483,100,45.51565170288086,0.0,
full_replay_damped_optimal,1,70,1.0112513303756714,0.04146122187376022,0.011251330375671387,on,0.25050977426262483,100,43.21837615966797,0.0,
full_replay_damped_optimal,1,71,1.000624179840088,0.04239924997091293,0.0006241798400878906,on,0.25050977426262483,100,41.430702209472656,0.0,
full_replay_damped_optimal,1,72,0.9795868992805481,0.042559798806905746,-0.020413100719451904,on,0.25050977426262483,100,44.73067092895508,0.0,
full_replay_damped_optimal,1,73,0.9920789003372192,0.040862586349248886,-0.007921099662780762,on,0.25050977426262483,100,45.27714920043945,0.0,
full_replay_damped_optimal,1,74,1.006907343864441,0.04133647307753563,0.006907343864440918,on,0.25050977426262483,100,47.21183395385742,0.0,
full_replay_damped_optimal,1,75,1.002743124961853,0.0410505011677742,0.0027431249618530273,on,0.25050977426262483,100,45.74717330932617,0.0,
full_replay_damped_optimal,1,76,1.007364273071289,0.04103682562708855,0.0073642730712890625,on,0.25050977426262483,100,46.00117111206055,0.0,
full_replay_damped_optimal,1,77,1.0080465078353882,0.04026113823056221,0.008046507835388184,on,0.25050977426262483,100,44.88541793823242,0.0,
full_replay_damped_optimal,1,78,1.0008364915847778,0.04136224091053009,0.000836491584777832,on,0.25050977426262483,100,43.277870178222656,0.0,
full_replay_damped_optimal,1,79,0.9844776391983032,0.04162200912833214,-0.015522360801696777,on,0.25050977426262483,100,43.25720977783203,0.0,
full_replay_damped_optimal,1,80,1.0105314254760742,0.04002206400036812,0.010531425476074219,on,0.25050977426262483,100,45.13758850097656,0.0,
full_replay_damped_optimal,1,81,1.0265177488327026,0.03891129791736603,0.026517748832702637,on,0.25050977426262483,100,44.0757942199707,0.0,
full_replay_damped_optimal,1,82,1.0037750005722046,0.04053937643766403,0.00377500057220459,on,0.25050977426262483,100,41.64125061035156,0.0,
full_replay_damped_optimal,1,83,0.9863957166671753,0.040848471224308014,-0.013604283332824707,on,0.25050977426262483,100,42.324344635009766,0.0,
full_replay_damped_optimal,1,84,0.9901028275489807,0.04181453213095665,-0.009897172451019287,on,0.25050977426262483,100,43.01156234741211,0.0,
full_replay_damped_optimal,1,85,0.9884667992591858,0.0402885340154171,-0.011533200740814209,on,0.25050977426262483,100,43.01569747924805,0.0,
full_replay_damped_optimal,1,86,0.9938679933547974,0.040165141224861145,-0.006132006645202637,on,0.25050977426262483,100,44.54146194458008,0.0,
full_replay_damped_optimal,1,87,1.0001623630523682,0.03870060294866562,0.00016236305236816406,on,0.25050977426262483,100,47.03828430175781,0.0,
full_replay_damped_optimal,1,88,1.0047507286071777,0.03803582116961479,0.004750728607177734,on,0.25050977426262483,100,42.773563385009766,0.0,
full_replay_damped_optimal,1,89,1.0131752490997314,0.0384652353823185,0.013175249099731445,on,0.25050977426262483,100,43.02394485473633,0.0,
full_replay_damped_optimal,1,90,0.9942365288734436,0.03815186396241188,-0.0057634711265563965,on,0.25050977426262483,100,43.58034133911133,0.0,
full_replay_damped_optimal,1,91,0.9874506592750549,0.03894943371415138,-0.012549340724945068,on,0.25050977426262483,100,41.03717803955078,0.0,
full_replay_damped_optimal,1,92,1.0015569925308228,0.03946514427661896,0.001556992530822754,on,0.25050977426262483,100,43.41477584838867,0.0,
full_replay_damped_optimal,1,93,1.015222430229187,0.03958059474825859,0.015222430229187012,on,0.25050977426262483,100,43.416709899902344,0.0,
full_replay_damped_optimal,1,94,1.0024052858352661,0.03916873782873154,0.0024052858352661133,on,0.25050977426262483,100,46.32498550415039,0.0,
full_replay_damped_optimal,1,95,0.9851118922233582,0.03901699557900429,-0.014888107776641846,on,0.25050977426262483,100,47.520145416259766,0.0,
full_replay_damped_optimal,1,96,1.001784324645996,0.03882043436169624,0.0017843246459960938,on,0.25050977426262483,100,45.87522888183594,0.0,
full_replay_damped_optimal,1,97,1.0158939361572266,0.03916430100798607,0.015893936157226562,on,0.25050977426262483,100,42.72862243652344,0.0,
full_replay_damped_optimal,1,98,1.0074197053909302,0.0394359789788723,0.007419705390930176,on,0.25050977426262483,100,41.44913101196289,0.0,
full_replay_damped_optimal,1,99,0.9887655973434448,0.040664318948984146,-0.011234402656555176,on,0.25050977426262483,100,45.67811584472656,0.0,
full_replay_damped_optimal,1,100,0.9874282479286194,0.038737718015909195,-0.012571752071380615,on,0.25050977426262483,100,45.22117614746094,0.0,
full_replay_damped_optimal,2,0,1.05,0.02,0.050000000000000044,on,0.25050977426262483,0,nan,nan,
full_replay_damped_optimal,2,1,0.13387174904346466,0.32715100049972534,-0.8661282509565353,on,0.25050977426262483,5000,23.142545700073242,0.0,
full_replay_damped_optimal,2,2,0.8548357486724854,0.08044753968715668,-0.14516425132751465,on,0.25050977426262483,100,557.173828125,0.001953125,
full_replay_damped_optimal,2,3,1.2412916421890259,0.05107559263706207,0.24129164218902588,on,0.25050977426262483,100,475.38006591796875,0.0,
full_replay_damped_optimal,2,4,1.11168372631073,0.046612802892923355,0.11168372631072998,on,0.25050977426262483,100,108.1727523803711,0.0,
full_replay_damped_optimal,2,5,0.867400586605072,0.05221030116081238,-0.13259941339492798,on,0.25050977426262483,100,69.68057250976562,0.0,
full_replay_damped_optimal,2,6,0.9395391345024109,0.04526800662279129,-0.06046086549758911,on,0.25050977426262483,100,70.47900390625,0.0,
full_replay_damped_optimal,2,7,1.0438554286956787,0.04022625833749771,0.04385542869567871,on,0.25050977426262483,100,61.98258972167969,0.0,
full_replay_damped_optimal,2,8,1.0388431549072266,0.04229819029569626,0.03884315490722656,on,0.25050977426262483,100,52.45322036743164,0.0,
full_replay_damped_optimal,2,9,0.9749953150749207,0.04389655590057373,-0.025004684925079346,on,0.25050977426262483,100,51.92030715942383,0.0,
full_replay_damped_optimal,2,10,0.9629681706428528,0.04290687292814255,-0.03703182935714722,on,0.25050977426262483,100,48.526248931884766,0.0,
full_replay_damped_optimal,2,11,0.978140652179718,0.04467619210481644,-0.021859347820281982,on,0.25050977426262483,100,47.77173614501953,0.0,
full_replay_damped_optimal,2,12,1.023187279701233,0.043223679065704346,0.02318727970123291,on,0.25050977426262483,100,45.697147369384766,0.0,
full_replay_damped_optimal,2,13,1.0041455030441284,0.044246021658182144,0.004145503044128418,on,0.25050977426262483,100,49.27935028076172,0.0,
full_replay_damped_optimal,2,14,0.9914384484291077,0.042794059962034225,-0.008561551570892334,on,0.25050977426262483,100,49.62919998168945,0.0,
full_replay_damped_optimal,2,15,0.9924903512001038,0.04489031434059143,-0.00750964879989624,on,0.25050977426262483,100,44.53318405151367,0.0,
full_replay_damped_optimal,2,16,0.989998459815979,0.044221241027116776,-0.010001540184020996,on,0.25050977426262483,100,48.9211311340332,0.0,
full_replay_damped_optimal,2,17,1.0090099573135376,0.0441109761595726,0.009009957313537598,on,0.25050977426262483,100,49.92426300048828,0.0,
full_replay_damped_optimal,2,18,0.994742751121521,0.04484535753726959,-0.005257248878479004,on,0.25050977426262483,100,49.60273361206055,0.0,
full_replay_damped_optimal,2,19,0.9924437403678894,0.04525664821267128,-0.007556259632110596,on,0.25050977426262483,100,47.74894332885742,0.0,
full_replay_damped_optimal,2,20,1.0046634674072266,0.04445295035839081,0.0046634674072265625,on,0.25050977426262483,100,46.30563735961914,0.0,
full_replay_damped_optimal,2,21,0.9960989952087402,0.04528191685676575,-0.0039010047912597656,on,0.25050977426262483,100,45.67276382446289,0.0,
full_replay_damped_optimal,2,22,0.994381844997406,0.04487817361950874,-0.005618155002593994,on,0.25050977426262483,100,49.22066116333008,0.0,
full_replay_damped_optimal,2,23,0.9953138828277588,0.044660087674856186,-0.004686117172241211,on,0.25050977426262483,100,48.029911041259766,0.0,
full_replay_damped_optimal,2,24,0.9819896221160889,0.04569416865706444,-0.018010377883911133,on,0.25050977426262483,100,46.08347702026367,0.0,
full_replay_damped_optimal,2,25,0.9781914353370667,0.0469057559967041,-0.02180856466293335,on,0.25050977426262483,100,48.82185363769531,0.0,
full_replay_damped_optimal,2,26,1.012636661529541,0.04499027505517006,0.012636661529541016,on,0.25050977426262483,100,49.80762481689453,0.0,
full_replay_damped_optimal,2,27,1.0007244348526,0.045107532292604446,0.0007244348526000977,on,0.25050977426262483,100,51.590267181396484,0.0,
full_replay_damped_optimal,2,28,0.9721915125846863,0.046058230102062225,-0.02780848741531372,on,0.25050977426262483,100,50.57075881958008,0.0,
full_replay_damped_optimal,2,29,0.9842943549156189,0.04387015476822853,-0.015705645084381104,on,0.25050977426262483,100,52.619510650634766,0.0,
full_replay_damped_optimal,2,30,1.008391261100769,0.043281376361846924,0.008391261100769043,on,0.25050977426262483,100,47.714725494384766,0.0,
full_replay_damped_optimal,2,31,1.0076496601104736,0.0421685054898262,0.007649660110473633,on,0.25050977426262483,100,49.58317184448242,0.0,
full_replay_damped_optimal,2,32,0.9818257689476013,0.04240288585424423,-0.01817423105239868,on,0.25050977426262483,100,49.98023986816406,0.0,
full_replay_damped_optimal,2,33,0.9885270595550537,0.042253535240888596,-0.011472940444946289,on,0.25050977426262483,100,47.94660186767578,0.0,
full_replay_damped_optimal,2,34,0.9927063584327698,0.04217865690588951,-0.007293641567230225,on,0.25050977426262483,100,47.678592681884766,0.0,
full_replay_damped_optimal,2,35,0.985055685043335,0.04395041614770889,-0.014944314956665039,on,0.25050977426262483,100,46.21611785888672,0.0,
full_replay_damped_optimal,2,36,1.0069628953933716,0.04356015473604202,0.006962895393371582,on,0.25050977426262483,100,45.640682220458984,0.0,
full_replay_damped_optimal,2,37,1.0141724348068237,0.042602866888046265,0.01417243480682373,on,0.25050977426262483,100,46.79482650756836,0.0,
full_replay_damped_optimal,2,38,1.0032663345336914,0.043765440583229065,0.0032663345336914062,on,0.25050977426262483,100,45.76826095581055,0.0,
full_replay_damped_optimal,2,39,0.9810886979103088,0.04439881443977356,-0.018911302089691162,on,0.25050977426262483,100,41.95193862915039,0.0,
full_replay_damped_optimal,2,40,0.9903736114501953,0.044691480696201324,-0.009626388549804688,on,0.25050977426262483,100,43.73290252685547,0.0,
full_replay_damped_optimal,2,41,1.015863060951233,0.04290423542261124,0.01586306095123291,on,0.25050977426262483,100,46.35268783569336,0.0,
full_replay_damped_optimal,2,42,1.0217547416687012,0.04378493130207062,0.021754741668701172,on,0.25050977426262483,100,46.28278732299805,0.0,
full_replay_damped_optimal,2,43,0.9912205338478088,0.044488441199064255,-0.008779466152191162,on,0.25050977426262483,100,46.40769577026367,0.0,
full_replay_damped_optimal,2,44,0.9840015769004822,0.04211617261171341,-0.015998423099517822,on,0.25050977426262483,100,46.138553619384766,0.0,
full_replay_damped_optimal,2,45,1.0069414377212524,0.0421798937022686,0.006941437721252441,on,0.25050977426262483,100,50.25029373168945,0.0,
full_replay_damped_optimal,2,46,1.0024088621139526,0.042175669223070145,0.0024088621139526367,on,0.25050977426262483,100,47.591697692871094,0.0,
full_replay_damped_optimal,2,47,0.9889366030693054,0.04155350476503372,-0.01106339693069458,on,0.25050977426262483,100,45.55503463745117,0.0,
full_replay_damped_optimal,2,48,0.9836029410362244,0.04134948551654816,-0.016397058963775635,on,0.25050977426262483,100,43.79519271850586,0.0,
full_replay_damped_optimal,2,49,0.9912295937538147,0.042941514402627945,-0.008770406246185303,on,0.25050977426262483,100,43.98780059814453,0.0,
full_replay_damped_optimal,2,50,0.9950454235076904,0.04220448434352875,-0.00495457649230957,on,0.25050977426262483,100,43.304168701171875,0.0,
full_replay_damped_optimal,2,51,0.9772872924804688,0.043908361345529556,-0.02271270751953125,on,0.25050977426262483,100,45.74753952026367,0.0,
full_replay_damped_optimal,2,52,0.9867087006568909,0.04195961728692055,-0.01329129934310913,on,0.25050977426262483,100,47.26329803466797,0.0,
full_replay_damped_optimal,2,53,1.0012377500534058,0.042076338082551956,0.0012377500534057617,on,0.25050977426262483,100,47.759315490722656,0.0,
full_replay_damped_optimal,2,54,0.9968063235282898,0.040960922837257385,-0.003193676471710205,on,0.25050977426262483,100,49.31017303466797,0.0,
full_replay_damped_optimal,2,55,0.9927716851234436,0.04115089401602745,-0.0072283148765563965,on,0.25050977426262483,100,48.59626770019531,0.0,
full_replay_damped_optimal,2,56,1.0010523796081543,0.04277961328625679,0.0010523796081542969,on,0.25050977426262483,100,48.61384582519531,0.0,
full_replay_damped_optimal,2,57,0.9888166785240173,0.042435649782419205,-0.011183321475982666,on,0.25050977426262483,100,47.44125747680664,0.0,
full_replay_damped_optimal,2,58,0.9974556565284729,0.0416879765689373,-0.0025443434715270996,on,0.25050977426262483,100,44.27082061767578,0.0,
full_replay_damped_optimal,2,59,0.9997514486312866,0.04051138833165169,-0.0002485513687133789,on,0.25050977426262483,100,44.73670959472656,0.0,
full_replay_damped_optimal,2,60,0.990302324295044,0.04030102491378784,-0.009697675704956055,on,0.25050977426262483,100,48.819637298583984,0.0,
full_replay_damped_optimal,2,61,0.9861181378364563,0.040979061275720596,-0.013881862163543701,on,0.25050977426262483,100,45.15896224975586,0.0,
full_replay_damped_optimal,2,62,0.9870304465293884,0.041569728404283524,-0.012969553470611572,on,0.25050977426262483,100,45.35457992553711,0.0,
full_replay_damped_optimal,2,63,0.9908453226089478,0.039222460240125656,-0.009154677391052246,on,0.25050977426262483,100,48.93873977661133,0.0,
full_replay_damped_optimal,2,64,1.005401611328125,0.040513746440410614,0.005401611328125,on,0.25050977426262483,100,44.2431526184082,0.0,
full_replay_damped_optimal,2,65,0.9829532504081726,0.04159467667341232,-0.017046749591827393,on,0.25050977426262483,100,45.494407653808594,0.0,
full_replay_damped_optimal,2,66,0.980323314666748,0.04142841324210167,-0.019676685333251953,on,0.25050977426262483,100,48.63303756713867,0.0,
full_replay_damped_optimal,2,67,0.9987199306488037,0.038903433829545975,-0.001280069351196289,on,0.25050977426262483,100,47.52656555175781,0.0,
full_replay_damped_optimal,2,68,1.0128382444381714,0.039785102009773254,0.012838244438171387,on,0.25050977426262483,100,48.28401184082031,0.0,
full_replay_damped_optimal,2,69,1.0108089447021484,0.03849680349230766,0.010808944702148438,on,0.25050977426262483,100,45.19769287109375,0.0,
full_replay_damped_optimal,2,70,0.9860410094261169,0.039007771760225296,-0.013958990573883057,on,0.25050977426262483,100,45.55805587768555,0.0,
full_replay_damped_optimal,2,71,0.9851201176643372,0.040174029767513275,-0.014879882335662842,on,0.25050977426262483,100,45.131103515625,0.0,
full_replay_damped_optimal,2,72,0.9870200157165527,0.041265733540058136,-0.012979984283447266,on,0.25050977426262483,100,42.382568359375,0.0,
full_replay_damped_optimal,2,73,0.9923821091651917,0.04133491963148117,-0.00761789083480835,on,0.25050977426262483,100,42.668704986572266,0.0,
full_replay_damped_optimal,2,74,0.9884089827537537,0.03839019685983658,-0.011591017246246338,on,0.25050977426262483,100,45.57423782348633,0.0,
full_replay_damped_optimal,2,75,0.9856407046318054,0.03890502452850342,-0.01435929536819458,on,0.25050977426262483,100,45.002933502197266,0.0,
full_replay_damped_optimal,2,76,0.998939037322998,0.039420343935489655,-0.0010609626770019531,on,0.25050977426262483,100,41.209529876708984,0.0,
full_replay_damped_optimal,2,77,1.0136107206344604,0.04136672616004944,0.01361072063446045,on,0.25050977426262483,100,38.81906509399414,0.0,
full_replay_damped_optimal,2,78,0.9924836158752441,0.04246862605214119,-0.007516384124755859,on,0.25050977426262483,100,40.8303108215332,0.0,
full_replay_damped_optimal,2,79,0.9795324206352234,0.0404641330242157,-0.02046757936477661,on,0.25050977426262483,100,47.47837829589844,0.0,
full_replay_damped_optimal,2,80,0.9878533482551575,0.04004261642694473,-0.01214665174484253,on,0.25050977426262483,100,46.12314224243164,0.0,
full_replay_damped_optimal,2,81,0.9898406267166138,0.04052204638719559,-0.01015937328338623,on,0.25050977426262483,100,42.57524490356445,0.0,
full_replay_damped_optimal,2,82,0.9856253862380981,0.03925333917140961,-0.014374613761901855,on,0.25050977426262483,100,45.057674407958984,0.0,
full_replay_damped_optimal,2,83,0.9964367151260376,0.03950659930706024,-0.0035632848739624023,on,0.25050977426262483,100,47.46792221069336,0.0,
full_replay_damped_optimal,2,84,1.0079647302627563,0.03832561522722244,0.007964730262756348,on,0.25050977426262483,100,46.09605407714844,0.0,
full_replay_damped_optimal,2,85,0.9774845838546753,0.04056607559323311,-0.022515416145324707,on,0.25050977426262483,100,42.768558502197266,0.0,
full_replay_damped_optimal,2,86,0.979182243347168,0.03852652758359909,-0.02081775665283203,on,0.25050977426262483,100,42.687747955322266,0.0,
full_replay_damped_optimal,2,87,0.9937291145324707,0.03889564424753189,-0.006270885467529297,on,0.25050977426262483,100,41.67913055419922,0.0,
full_replay_damped_optimal,2,88,0.9999204874038696,0.03859669342637062,-7.95125961303711e-05,on,0.25050977426262483,100,41.24345016479492,0.0,
full_replay_damped_optimal,2,89,1.0060718059539795,0.03923691436648369,0.006071805953979492,on,0.25050977426262483,100,44.03211975097656,0.0,
full_replay_damped_optimal,2,90,0.9931599497795105,0.039715785533189774,-0.006840050220489502,on,0.25050977426262483,100,43.82298278808594,0.0,
full_replay_damped_optimal,2,91,0.9970203042030334,0.03854094073176384,-0.0029796957969665527,on,0.25050977426262483,100,44.50606155395508,0.0,
full_replay_damped_optimal,2,92,1.0056062936782837,0.037932682782411575,0.005606293678283691,on,0.25050977426262483,100,41.79111099243164,0.0,
full_replay_damped_optimal,2,93,0.9989449381828308,0.036705534905195236,-0.0010550618171691895,on,0.25050977426262483,100,41.89030075073242,0.0,
full_replay_damped_optimal,2,94,0.9899253845214844,0.03805423155426979,-0.010074615478515625,on,0.25050977426262483,100,41.09075164794922,0.0,
full_replay_damped_optimal,2,95,0.9762747287750244,0.03803173080086708,-0.023725271224975586,on,0.25050977426262483,100,42.936527252197266,0.0,
full_replay_damped_optimal,2,96,0.9851314425468445,0.03668857738375664,-0.014868557453155518,on,0.25050977426262483,100,42.06655502319336,0.0,
full_replay_damped_optimal,2,97,1.013014793395996,0.036471568048000336,0.013014793395996094,on,0.25050977426262483,100,39.85945129394531,0.0,
full_replay_damped_optimal,2,98,0.9919915795326233,0.0368206724524498,-0.008008420467376709,on,0.25050977426262483,100,41.4753303527832,0.0,
full_replay_damped_optimal,2,99,0.9830019474029541,0.037223923951387405,-0.0169980525970459,on,0.25050977426262483,100,43.35902404785156,0.0,
full_replay_damped_optimal,2,100,1.0131282806396484,0.03621711954474449,0.013128280639648438,on,0.25050977426262483,100,41.7470703125,0.0,
